record_id,provider,title,price_usd,merchant_display_text,ever_returned_in_five_validated_games,within_800_record_price,example_family,grinding_or_bean_to_cup_text,milk_froth_or_steam_text,pressure_marketing_15_or_20_bar,title_truncated_flag,merchant_aggregate_flag,numeric_only_merchant_field,alibaba_merchant_text,sponsored
bing-9d68fbbc86299d7cff85,bing,"Ninja Luxe Café Premier 3-In-1 Espresso Machine, Drip C…",599.00,Amazon.com,True,True,Ninja Premier,False,False,False,True,False,False,False,True
bing-07480f3860f81c3bf846,bing,"Espresso Machines With Grinder, 20 Bar Professio…",299.99,Target,False,True,unclassified by example rules,True,False,True,True,False,False,False,True
bing-b9b7a59bbbcb3df0040f,bing,"Bodum Bistro Electric Espresso Machine, Stainles…",399.99,Amazon.com,False,True,unclassified by example rules,False,False,False,True,False,False,False,True
bing-319049616d40eac8f983,bing,Philips 3300 Series Fully Automatic Espr…,530.00,Amazon.com,True,True,Philips 3300,False,False,False,True,False,False,False,True
bing-b962137b20d59540339b,bing,Philips 1200 Series Fully Automatic Espr…,454.99,Amazon.com,True,True,Philips 1200,False,False,False,True,False,False,False,True
bing-75167d27d9e7b7705731,bing,EUHOMY Espresso Machine With Grinder And Milk Froth…,210.54,Amazon.com,True,True,unclassified by example rules,True,True,False,True,False,False,False,True
bing-826018f7a2d5509c15e2,bing,Ninja Luxe Cafe Mini Espresso Maker With Grind…,449.99,Target,True,True,Ninja Mini (other),True,False,False,True,False,False,False,True
bing-b0b0640a5c59be533102,bing,Breville Barista Express Impress Espresso Machine…,649.95,Williams Sonoma,True,True,Breville Barista Express Impress,False,False,False,True,False,False,False,True
bing-128ec43cf85c0da0a5fc,bing,"Breville Barista Express Espresso Maker, Model BE…",699.95,Williams Sonoma,False,True,Breville Barista Express (other),False,False,False,True,False,False,False,True
bing-7b8c5d6573053e763784,bing,"VEVOR Espresso Machine With Grinder, 1…",259.99,VEVOR,False,True,unclassified by example rules,True,False,False,True,False,False,False,True
bing-bbda9ee931b5047e6b26,bing,"EUHOMY Espresso Machine With Grinder, 15 Bar Coffe…",240.00,Target,False,True,unclassified by example rules,True,False,True,True,False,False,False,True
bing-78da8191124a859c8112,bing,De'longhi Magnifica Evo Automatic Espresso Machin…,737.00,Amazon.com,False,True,DeLonghi Magnifica Evo (other),False,False,False,True,False,False,False,True
bing-d9b40824ac659c74f7b9,bing,Philips 3300 Fully Automatic Espresso …,899.99,Target,False,False,Philips 3300,False,False,False,True,False,False,False,True
bing-443396ca95ba379d7b72,bing,Stainless Steel Espresso Machine With Grinder & 20 …,309.99,Amazon.com,False,True,unclassified by example rules,True,False,False,True,False,False,False,True
bing-0cf24f81d351da49ed76,bing,Kitchenaid Fully Automatic Espresso …,1199.99,Amazon.com,False,False,unclassified by example rules,False,False,False,True,False,False,False,True
bing-bb6e2faa6e405495efa2,bing,"2-Cup Espresso Coffee Maker With Burr Grinder, 15-Bar P…",219.99,Home Depot,False,True,unclassified by example rules,True,False,True,True,False,False,False,True
bing-e9db694df748b75fa74c,bing,"Breville Barista Touch Espresso Maker, Silver",999.95,Williams Sonoma,False,False,Breville Barista Touch (other),False,False,False,False,False,False,False,True
bing-6109d59edb136f42c58d,bing,20 Bar Espresso Machines With Grinde…,299.99,Target,False,True,unclassified by example rules,True,False,True,True,False,False,False,True
bing-ecbf287c638e8bc5e48f,bing,Nespresso - Vertuo Next Premium Black Chrome & …,239.99,Nespresso US,False,True,Nespresso,False,False,False,True,False,False,False,True
bing-07838e525c9b32069dd4,bing,De'longhi Dinamica Plus Fully Automatic Espress…,1199.99,Amazon.com,False,False,unclassified by example rules,False,False,False,True,False,False,False,True
bing-fb03ce4c1a4af99606c7,bing,"COWSAR Espresso Machine With Grinder, 2025 Upgrad…",369.99,Amazon.com,False,True,unclassified by example rules,True,False,False,True,False,False,False,True
bing-6d40f0eb6ccb71d2d6f5,bing,Gevi 20 Bar Espresso Machine With Grinder …,359.99,Amazon.com,False,True,unclassified by example rules,True,False,True,True,False,False,False,True
bing-9c1b19126135d499f0d4,bing,Hanrose Espresso Machine With Grinder And Milk Froth…,319.79,Amazon.com,False,True,unclassified by example rules,True,True,False,True,False,False,False,True
bing-efc7689c3bd5a37e534a,bing,De'longhi La Specialista Arte Evo Espresso Machine Wit…,679.00,Amazon.com,False,True,DeLonghi La Specialista,False,False,False,True,False,False,False,True
bing-6d2c5f1927eefa5910e8,bing,"ZAFRO 20 Bar Espresso Machine With Grinder, Aut…",289.99,Target,False,True,unclassified by example rules,True,False,True,True,False,False,False,True
bing-a495b0272b1d91934b46,bing,Breville BES450BSS Bambino Espresso M…,299.95,Amazon.com,False,True,Breville Bambino (other),False,False,False,True,False,False,False,True
bing-74e0ec1d3ab1ac41062c,bing,"MIROX Espresso Machine 15 Bar, Coffee Maker Wit…",209.99,Amazon.com,False,True,unclassified by example rules,False,False,True,True,False,False,False,True
bing-2bf4c80c2bb57272c586,bing,"CUSIMAX Espresso Machine With Grinder, 20 Bar Profes…",161.49,Amazon.com,False,True,unclassified by example rules,True,False,True,True,False,False,False,True
bing-d4e6eb7ab90739f4dedb,bing,COWSAR 20 Bar Espresso Machine With Grinder & Mil…,333.31,Amazon.com,False,True,unclassified by example rules,True,False,True,True,False,False,False,True
bing-2946e532dd33748dfc74,bing,Philips Baristina Latte Espresso Machine With Mil…,499.95,Williams Sonoma,False,True,Philips Baristina,False,False,False,True,False,False,False,True
bing-306ad71c318b0d82c61b,bing,"Breville - The Barista Touch Espresso Machine With 9 Bars Of Pressure, Milk Frother And Integrated Grinder - Stainless Steel",999.95,Best Buy,False,False,Breville Barista Touch (other),True,True,False,False,False,False,False,False
bing-18c5254095648822242f,bing,"Ninja - Autobarista Fully Automatic Espresso Machine & Frother, 10 Drink Presets, Built-In Grinder - Stainless Steel",899.99,Best Buy,False,False,Ninja AutoBarista,True,True,False,False,False,False,False,False
bing-af3bf359615054d01c62,bing,"Breville - The Barista Touch Espresso Machine With 9 Bars Of Pressure, Milk Frother And Integrated Grinder - Stainless Steel",969.00,Best Buy Marketplace,False,False,Breville Barista Touch (other),True,True,False,False,False,False,False,False
bing-cd11aaaefd5c25f214f5,bing,"Breville - The Barista Express Espresso Machine With 15 Bars Of Pressure, Milk Frother And Integrated Grinder - Stainless Steel",689.99,Best Buy,False,True,Breville Barista Express (other),True,True,True,False,False,False,False,False
bing-c3b5a1e881e3c5f9abdf,bing,"Professional 20-Bar Espresso Machine With Built-In Grinder - Precision Extraction, Integrated Milk Frother Wand For Cappuccinos/Lattes, And Compact Design. HAVATO",256.11,Wayfair,False,True,unclassified by example rules,True,True,True,False,False,False,False,False
bing-72438b29a66055ffa38c,bing,"Kenmore Espresso Machine With Grinder & Milk Frother, Multi",764.99,Kohl's,False,True,unclassified by example rules,True,True,False,False,False,False,False,False
bing-57ea26bbc60418c5fcca,bing,Zulay Kitchen - Automatic Espresso Machine With Grinder & Milk Frother - Fully Automatic Coffee Machine With Touch Screen - Black Silver,640.99,Best Buy Marketplace,False,True,unclassified by example rules,True,True,False,False,False,False,False,False
bing-3a767fdb1b27d5f6e581,bing,"Kenmore Espresso Machine With Grinder & Milk Frother, One Size, Silver",999.99,JCPenney,False,False,unclassified by example rules,True,True,False,False,False,False,False,False
bing-0226c96ea747e414d014,bing,"Espresso Machine With Grinder, Stainless Steel 15 Bar Coffee Machine With Milk Frother Coffee Maker",298.85,Aliexpress,False,True,unclassified by example rules,True,True,True,False,False,False,False,False
bing-cf7e0bab4fab9b646036,bing,De'longhi La Specialista Arte Evo 15-Bar Espresso Machine With Cold Brew And Built-In Grinder De'longhi,699.95,Wayfair,False,True,DeLonghi La Specialista,True,False,True,False,False,False,False,False
bing-7a4dd894626cdd1838bb,bing,"20 Bar Steel Espresso Machine With Grinder, 1.5L Removable Water Tank, Milk Frother Steam Wand, Silver",303.90,Kohl's,False,True,unclassified by example rules,True,True,True,False,False,False,False,False
bing-4aee767a3edd2388f496,bing,"20 Bar Espresso Machine With Grinder & Milk Frother - Professional Espresso Maker With 96Oz Removable Water Tank - Stainless Steel Coffee Machine For Home Café, Cappuccino & Latte Qeetex",404.99,Wayfair,False,True,unclassified by example rules,True,True,True,False,False,False,False,False
bing-637dfaa955608edee186,bing,"Espresso Machine With Grinder & Milk Frother, 20 Bar Coffee And Espresso Maker Combo",397.92,Bed Bath & Beyond,False,True,unclassified by example rules,True,True,True,False,False,False,False,False
bing-489bd0a3c698912610b5,bing,"Professional Espresso Machine With Grinder, 20 Bar Pressure, And Milk Frother",313.72,Bed Bath & Beyond,False,True,unclassified by example rules,True,True,True,False,False,False,False,False
bing-795763ee62a6dc87d9e3,bing,"Kenmore Espresso Machine With Grinder & Milk Frother, Stainless Steel",599.99,Walmart,False,True,unclassified by example rules,True,True,False,False,False,False,False,False
bing-7f3f111cbee269ee207a,bing,Stainless Steel Espresso Machine - 15 Bar Coffee Maker With Grinder Milk Frother And 2.5L Water Tank For Home And Office - Silver,245.98,Walmart,False,True,unclassified by example rules,True,True,True,False,False,False,False,False
bing-12afdfa524d0449cc966,bing,"15 Bar Espresso Machine With Grinder & Milk Frother - 58mm Portafilter, 15 Adjustable Grind Levels, 2.3L Water Tank Garveehome",314.99,Wayfair,False,True,unclassified by example rules,True,True,True,False,False,False,False,False
bing-f3362249ad9b2fc5a85f,bing,"Espresso Machine With Grinder And Milk Frother Steam Wand, 20 Bar Coffee Maker With 95Oz Water Tank, Professional 3 in 1 Espresso Maker For Cappuccino",279.99,Walmart,False,True,unclassified by example rules,True,True,True,False,False,False,False,False
bing-e141ee676b2d57374c79,bing,"Kffkff Semi-Automatic Espresso Maker With Grinder, 15 Bar, Includes Milk Frother Steam Wand, Detachable Water Tank & Pressure Gauge, For Cappuccino, L",279.99,Walmart,False,True,unclassified by example rules,True,True,True,False,False,False,False,False
bing-8769c23a94c64e5e2c67,bing,"Espresso Machine With Grinder, 15 Bar Semi-Automatic Espresso Coffee Maker With Milk Frother Steam Wand, Removable Water Tank & Pressure Gauge For Cappuccino, Latte, Machiato, PID Control System Red Global",529.99,Wayfair,False,True,unclassified by example rules,True,True,True,False,False,False,False,False
bing-411e912414f5df20244c,bing,"Espresso Machine With Integrated Grinder And Auto Milk Frother,20 Bar Espresso Maker With Seconds Heat Up,Steam Wand,Removable Water Tank,Home Cappucc",249.99,Walmart,False,True,unclassified by example rules,True,True,True,False,False,False,False,False
bing-ac43c805e3f355ff97dc,bing,"SIMZLIFE - 4 in 1 Espresso Machine With Grinder ,15 Bar- Coffee Maker W/Milk Frother Steamer Wand & Removable Water Tank - Silver",229.99,Best Buy Marketplace,False,True,unclassified by example rules,True,True,True,False,False,False,False,False
bing-49780aca1fc849f7c953,bing,Vevor Espresso Machine 15 Bar Coffee Maker With Grinder & Milk Frother Steam Wand New BZDYSKFJYMKAH5JSRV1,314.90,FactoryPure,False,True,unclassified by example rules,True,True,True,False,False,False,False,False
bing-c51b817a2f4f21e410ac,bing,"Machine With Grinder Espresso Maker With Powerful Milk Frother, Lcd Display,Stainless Steel Coffee Maker Yesurprise",281.99,Wayfair,False,True,unclassified by example rules,True,True,False,False,False,False,False,False
bing-53824f476ba2160bfcc7,bing,"Espresso Machine With Grinder & Milk Frother Steam Wand - 20 Bar 3-In-1 Professional Coffee Maker With 95Oz Water Tank For Cappuccino & Latte (1450W, Silver) Gaomon Color/Finish: Silver",253.99,Wayfair,False,True,unclassified by example rules,True,True,True,False,False,False,False,False
bing-88be3fcf832ba81e5557,bing,"Garvee Upgraded One-Touch Coffee Maker, Automatic Espresso Coffee Machine With Built-In Grinder & Milk Frother, Silver",583.49,Bed Bath & Beyond,False,True,unclassified by example rules,True,True,False,False,False,False,False,False
bing-b957b9125e5d4f40d253,bing,Fully Automatic Espresso Machine 20 Bar With Auto Milk Frother & Grinder In Silver,377.00,ModeSens,False,True,unclassified by example rules,True,True,True,False,False,False,False,False
bing-78ab0dec86e6470f5227,bing,2025 Smart Automatic Espresso Coffee Machine With Grinder And Milk Frother,142.00,Alibaba B2B,False,True,unclassified by example rules,True,True,False,False,False,False,True,False
bing-78a4158303ba5999efdb,bing,VEVOR Fully Automatic Espresso Machine - With Automatic Milk Frother 20 Bar Super-Automatic Cappuccino Latte Machine With Tft Touch Screen Grinder 15,349.99,VEVOR,True,True,unclassified by example rules,True,True,True,False,False,False,False,False
bing-f12e169290a9c9b84123,bing,Fully Automatic Espresso Machine 20 Bar With Auto Milk Frother & Grinder Stellweilan Tessberg,449.99,Wayfair,False,True,unclassified by example rules,True,True,True,False,False,False,False,False
bing-8d114b228c5020df8efd,bing,2025 NEW Stainless Steel Automatic Espresso Coffee Maker With Grinder And Milk Frother Cappuccino With Hot Water System,142.00,Alibaba B2B,False,True,unclassified by example rules,True,True,False,False,False,False,True,False
bing-c6bdaa0d1469b8604073,bing,"Semi-Automatic Espresso Machine With Built-In Grinder And Milk Frother, 20 Bar Pump For Home Baristas Yiimo",299.99,Wayfair,False,True,unclassified by example rules,True,True,True,False,False,False,False,False
bing-716096b1835e7feacc70,bing,"Coffee Machines Espresso With Milk Frother& Grinder, All In One Cappuccino Latte Coffee Maker For Home Kitchen Gaomon",339.99,Wayfair,False,True,unclassified by example rules,True,True,False,False,False,False,False,False
bing-b79dd022ff37659d63c9,bing,Cusimax 20Bar Espresso Machine With Builtin Grinder & Milk Frother Professionalgrade Cappuccino & Latte Maker With Large Removable Water Tank For Home,189.99,Walmart,False,True,unclassified by example rules,True,True,True,False,False,False,False,False
bing-a15d1f38b1dc51ed7985,bing,"Miele CM 6160 Milk Perfection Automatic Wifi Coffee Maker & Espresso Machine Combo - Grinder, Milk Frother Miele Color: Obsidian Black",2699.00,Wayfair,False,False,unclassified by example rules,True,True,False,False,False,False,False,False
bing-c47ac48a6480f94b7fe3,bing,"20 Bar Espresso Machine With Grinder & Milk Frother, 75 Oz Stainless Steel Water Tank - Perfect For Cappuccino & Latte HAVATO",289.99,Wayfair,False,True,unclassified by example rules,True,True,True,False,False,False,False,False
bing-246d156a6e0b551087f6,bing,Mcilpoog ES317 Fully Automatic Espresso Machin…,600.00,Amazon.com,False,True,unclassified by example rules,False,False,False,True,False,False,False,True
bing-5cb15bf925264f5f7c79,bing,"Breville Bambino Espresso Machine, Silver",299.95,Williams Sonoma,True,True,Breville Bambino (other),False,False,False,False,False,False,False,True
bing-d8cd0103f86807cbe054,bing,Breville BES876BSS Barista Express Impress…,649.95,Amazon.com,False,True,Breville Barista Express Impress,False,False,False,True,False,False,False,True
bing-bf04f82902a2e86eb9a0,bing,Glowsol Espresso Machine With Bean Gri…,399.99,Amazon.com,False,True,unclassified by example rules,False,False,False,True,False,False,False,True
bing-a8943b6c1b0ab8bf519e,bing,De'longhi Dinamica Lattecrema Espress…,1399.95,Amazon.com,False,False,unclassified by example rules,False,False,False,True,False,False,False,True
bing-8d1593f348876cb46024,bing,Garvee Espresso Machine With Grinder…,284.19,Amazon.com,False,True,unclassified by example rules,True,False,False,True,False,False,False,True
bing-745ad3d683396190aa8b,bing,20 Bar Espresso Machine With Conical Burr Grinder …,215.99,Target,False,True,unclassified by example rules,True,False,True,True,False,False,False,True
bing-043b3bd9fefe3549a699,bing,"Kitchenaid Fully Automatic Espresso Machine KF7, K…",1699.99,Amazon.com,False,False,unclassified by example rules,False,False,False,True,False,False,False,True
bing-235d6f87aeaf484b667c,bing,"Bluebow Espresso Machine With Grinder, 20Bar Semi-A…",169.99,Walmart,False,True,unclassified by example rules,True,False,True,True,False,False,False,True
bing-26e29f79435e25dff4d5,bing,"Euker Espresso Machine With Milk Frother, 20 Ba…",349.99,Amazon.com,False,True,unclassified by example rules,False,True,False,True,False,False,False,True
bing-66feec58aea71a4dcd4a,bing,"Espresso Machine With Grinder, Professional …",308.60,Walmart,False,True,unclassified by example rules,True,False,False,True,False,False,False,True
bing-cc603daf376c2da258aa,bing,Professional Espresso Machine With Automatic Mil…,105.00,Target,False,True,unclassified by example rules,False,False,False,True,False,False,False,True
bing-c19fa05391f0fce29eba,bing,"Garvee All-In-One Espresso Machine With Milk Frother, …",339.99,garvee.com,False,True,unclassified by example rules,False,True,False,True,False,False,False,True
bing-7aee0d3e082e29c65aad,bing,Espresso Machine With Grinder 2 Cups 15 Bar …,314.90,Home Depot,False,True,unclassified by example rules,True,False,True,True,False,False,False,True
bing-da122d4ff0491fe8f7b7,bing,"Garvee Espresso Machine Built-In Grinder, High Powe…",270.99,Amazon.com,False,True,unclassified by example rules,True,False,False,True,False,False,False,True
bing-66706af26cfa11b9a25e,bing,"Espresso Machine With Grinder, 20-Bar Coffe…",499.00,Target,False,True,unclassified by example rules,True,False,True,True,False,False,False,True
bing-8950e5add26a7c27a04b,bing,COWSAR 20 Bar Espresso Machine With Grinder & …,289.99,Amazon.com,False,True,unclassified by example rules,True,False,True,True,False,False,False,True
bing-bd565533f9ad73c5b2f9,bing,Capresso Cafe TS Espresso Machine: 1…,179.99,Target,True,True,unclassified by example rules,False,False,False,True,False,False,False,True
bing-3612cc60a603cc2a121e,bing,"Professional Espresso Machine With Grinder, 2…",320.70,Bed Bath & Beyond,False,True,unclassified by example rules,True,False,False,True,False,False,False,True
bing-fde37665dcb51cf20288,bing,De'longhi Eletta Explore Espresso Machine With Cof…,1974.00,Amazon.com,False,False,unclassified by example rules,False,False,False,True,False,False,False,True
bing-2533308e2e98b121aa7c,bing,"Electactic 20-Bar Programmable Espresso Maker - 30 Grinder, Milk Frother, Silver ELECTACTIC",479.99,Wayfair,False,True,unclassified by example rules,True,True,True,False,False,False,False,False
bing-cb2691cc12932a344507,bing,"Super Automatic Espresso Maker With Milk Frother & Grinder - 19 Recipes, 7"" Screen, Self-Clean - Silver Garveehome",459.99,Wayfair,False,True,unclassified by example rules,True,True,False,False,False,False,False,False
bing-8f10d51014cf65585106,bing,20Bar Espresso Coffee Maker With Milk Frother Steam Wand And Built-In Bean Grinder Combo Cappuccino,103.00,Alibaba B2B,False,True,unclassified by example rules,True,True,True,False,False,False,True,False
bing-da2ad966a94911e550e6,bing,"20 Bar Espresso Coffee Machine For Home - Italian-Style Professional Maker With Integrated Grinder & Adjustable Shot Volume, Milk Frother Steam Wand, 1.5L Removable Tank (Silver) Yesurprise Color/Finish: Silver",149.99,Wayfair,True,True,unclassified by example rules,True,True,True,False,False,False,False,False
bing-d2b74b50a379b8bf71a0,bing,"Breville Barista Express Impress Stainless Steel Espresso Maker BES876BSS1BNA1: 15 Bars Pressure, Milk Frother, Grinder",649.99,Target,False,True,Breville Barista Express Impress,True,True,True,False,False,False,False,False
bing-642b3aa66942aa92919f,bing,highly rated,295.99,Wayfair,False,True,unclassified by example rules,True,True,False,False,False,False,False,False
bing-fa4b67e72a20363a3a83,bing,"3-In-1 Espresso Machine With Built-In Grinder And Detachable Milk Frother - Adjustable Settings, Removable Components For Home Baristas Yiimo Color/Finish: Silver",519.99,Wayfair,False,True,unclassified by example rules,True,True,False,False,False,False,False,False
bing-279eae4c2ca43329b99d,bing,"Espresso Machine, 3-In-1 Coffee Maker With Built-In Grinder And Milk Frother, 20 Bar Latte",405.57,Bed Bath & Beyond,False,True,unclassified by example rules,True,True,True,False,False,False,False,False
bing-fccd193ca26cd84354d0,bing,"Electactic Espresso Machine With Grinder, 20 Bar Expresso Coffee Machines With Milk Frother Steam Wand, Professional Espresso Maker With Removable Water Tank, Cappuccino & Latte Machine For Home ELECTACTIC",259.98,Wayfair,False,True,unclassified by example rules,True,True,True,False,False,False,False,False
bing-b12fe1c8799d05fb17db,bing,"20 Bar Espresso Machine With Built-In Grinder - Stainless Steel Coffee Maker With 2.8L Removable Water Tank, Adjustable Shot Volume & Milk Frother Steam Wand For Latte & Cappuccino - Home & Office Use (Black) Yesurprise Color/Finish: Black",229.99,Wayfair,False,True,unclassified by example rules,True,True,True,False,False,False,False,False
bing-598a25770e0646e11052,bing,"Stainless Steel Bean-To-Cup Espresso Machine With Silver Plating, Built-In Grinder & Milk Frother Yiimo",299.44,Wayfair,False,True,unclassified by example rules,True,True,False,False,False,False,False,False
bing-7cfc23a4d72ab8cddc12,bing,20 Bar Espresso Machine With Grinder - Professional Stainless Steel Coffee Maker With 1.5L Removable Tank & Milk Frother Steam Wand (Black Spray Paint) Gaomon Color/Finish: Black,158.99,Wayfair,False,True,unclassified by example rules,True,True,True,False,False,False,False,False
bing-de5815903f1a66c03dd8,bing,"Breville Stainless Steel Barista Express Espresso Machine Light Silver BES870XL: 15 Bars Pressure, Milk Frother, Grinder",699.99,Target,False,True,Breville Barista Express (other),True,True,True,False,False,False,False,False
bing-06ecaee9987908e939f7,bing,"20Bar Espresso Machine With Milk Frother - Fully Automatic Coffee Maker, Built-In Grinder, Smart",378.99,Aliexpress,False,True,unclassified by example rules,True,True,True,False,False,False,False,False
bing-0ad455c532a1a56440eb,bing,"COWSAR 20 Bar Fully Automatic Coffee Machine With Built-In Grinder,Espresso Machine One-Touch Americano, Latte, And Cappuccino Settings, Milk Frother, Perfect For Home And Office. COWSAR",349.99,Wayfair,False,True,unclassified by example rules,True,True,True,False,False,False,False,False
bing-2253f3f1a1db82e39a09,bing,"Stainless Steel Espresso Machine With Grinder & 20 Bar Pressure, 2.8L Removable Water Tank, Milk Frother Steam Wand For Latte/Cappuccino - Adjustable Shot Volume, Professional Home/Office Use Garveehome Color/Finish: Black",304.99,Wayfair,False,True,unclassified by example rules,True,True,True,False,False,False,False,False
bing-6ef1889ee70cba19d8b6,bing,"Espresso Coffee Machine With Grinder, 20 Bar Semi-Automatic Espresso Maker With Milk Frother Steamer",215.49,Aliexpress,False,True,unclassified by example rules,True,True,True,False,False,False,False,False
bing-66be295b3b74afa89027,bing,"Vevor Espresso Machine With Grinder, 15 Bar Semi-Automatic Espresso Coffee Maker With Milk Frother Steam Wand, Removable Water Tank & Pressure Gauge F",259.99,Walmart,False,True,unclassified by example rules,True,True,True,False,False,False,False,False
bing-2c2f1fbf5b6cb7437e5f,bing,"Simzlife Espresso Machine With Grinder, 15 Bar Coffee Maker With Milk Frother Steamer Wand, Removable Water Tank, Silver Simzlife",232.99,Wayfair,False,True,unclassified by example rules,True,True,True,False,False,False,False,False
bing-891bc38dc8624017a975,bing,"15 Bar Espresso Machine With Built-In Conical Burr Grinder & Milk Frother, Grey",369.99,Kohl's,False,True,unclassified by example rules,True,True,True,False,False,False,False,False
bing-d07c4f63d528c13b73b4,bing,"My Home Finds CUSIMAX Espresso Machine With Grinder, 20 Bar Professional Expresso Coffee Machines With Milk Frother Steam Wand, Espresso Maker With 60",411.98,Shop,False,True,unclassified by example rules,True,True,True,False,False,False,False,False
bing-43d976648909711515b7,bing,"Garvee Automatic Espresso Machine, Coffee Machine With Grinder, Espresso Maker With Automatic Milk Frother, 20 Bar Latte Machine, TFT Touch Screen For",415.99,garvee.com,False,True,unclassified by example rules,True,True,True,False,False,False,False,False
bing-8fa3d2e2f68153f6ceb7,bing,Blissbrew 20 Bar Espresso Machine With Grinder & Milk Frother,811.99,Shop,False,False,unclassified by example rules,True,True,True,False,False,False,False,False
bing-c6fb2f544f58efa54ddf,bing,"My Home Finds Cafe Bueno Super Automatic Espresso Machine For Home - Coffee Machine With Grinder & Milk Frother For Latte, Cappuccino, Macchiato - Aut",1539.98,Shop,False,False,unclassified by example rules,True,True,False,False,False,False,False,False
bing-aec05e7b187dcd09b99b,bing,"Brew & Bite Espresso Machine With Grinder, 20 Bar Espresso Machine With Milk Frother Steam Wand, Espresso Machines For Home, Expresso Coffee Machines",639.58,Shop,False,True,unclassified by example rules,True,True,True,False,False,False,False,False
bing-433d82ce40e1ab37058d,bing,"Tip And Glow CUSIMAX Espresso Machine With Grinder, 20 Bar Professional Expresso Coffee Machines With Milk Frother Steam Wand, Espresso Maker With 60O",444.94,Shop,False,True,unclassified by example rules,True,True,True,False,False,False,False,False
bing-8442d35127d53d9e6023,bing,De'longhi Delonghi La Specialista Maestro Espresso Machine With Grinder Auto Manual Milk Frother Beantocup Cold Brew Coffee With Cold Extra,1722.92,alumigogo,False,False,DeLonghi La Specialista,True,True,False,False,False,False,False,False
bing-12c11efcac9385635a63,bing,Kenmore Elite Automatic-Tamp Espresso Machine With Grinder & Frother,857.49,Bed Bath & Beyond,False,False,unclassified by example rules,True,True,False,False,False,False,False,False
bing-0d72a0b33c2281fdb579,bing,Kismile 2026 Upgrade Espresso Machine With Grinder 20 Bar Expresso Coffee Machines With Milk Frother Espresso Machines For Home Removable Water Tank P,426.83,alumigogo,False,True,unclassified by example rules,True,True,True,False,False,False,False,False
bing-1d87ad748e0d8087a595,bing,All In One Espresso Maker & Espresso Machine With Grinder For Home Coffee Maker With Milk Frother Steam Wand,79.90,Alibaba B2B,False,True,unclassified by example rules,True,True,False,False,False,False,True,False
bing-149398435225d78bbcdf,bing,Blissbrew Espresso Machine With Grinder And Milk Frother,798.99,Shop,False,True,unclassified by example rules,True,True,False,False,False,False,False,False
bing-ae7d0b6a74c258277a6b,bing,"Delonghi Fully Automatic Espresso Machine, Integrated Grinder, 2 Removable Bean Hoppers, Automatic Milk Frother - Pebble Gray",1299.99,Best Buy,False,False,unclassified by example rules,True,True,False,False,False,False,False,False
bing-6f3c8429d6f8100d9502,bing,"Euhomy Espresso Machine With Grinder 20 Bar Professional Espresso Coffee Maker For Home With Milk Frother For Latte Cappuccino Baristastyle Drinks, G",426.83,alumigogo,False,True,unclassified by example rules,True,True,True,False,False,False,False,False
bing-f98873611a65ecad76e9,bing,"VVOR Espresso Machine With Grinder, 15 Bar Semi-Automatic Espresso Coffee Maker With Milk Frother Steam Wand, Removable Water Tank & Pressure Gauge",491.24,Simon.com,False,True,unclassified by example rules,True,True,True,False,False,False,False,False
bing-21f0df6edf908a377e97,bing,"COZONY 15-Bar Espresso Machine With Grinder, Semi-Automatic, Dual PID, 80Oz Tank, Milk Frother, Self-Cleaning",399.99,Target,False,True,unclassified by example rules,True,True,True,False,False,False,False,False
bing-bed8b9364df3756f1388,bing,"VEVOR Espresso Machine With Grinder, 15 Bar Semi-Automatic Espresso Coffee Maker With Milk Frother Steam Wand, Removable Water Tank & Pressure Gauge",314.90,Target,False,True,unclassified by example rules,True,True,True,False,False,False,False,False
bing-7df661c69ff5be07d0e8,bing,"COZONY 15-Bar Espresso Machine With Grinder, PID …",425.99,Target,False,True,unclassified by example rules,True,False,True,True,False,False,False,True
bing-b546aa5fcf249468f3a9,bing,Pioneerworks 20 Bar Espresso Machine With Grinder Professional Barista Latte Espresso Maker With Milk Frother Steam Wand 28L Removable Water Tank Sem,451.11,alumigogo,False,True,unclassified by example rules,True,True,True,False,False,False,False,False
bing-1645eae370aa2faace49,bing,"YUN Professional Espresso Machine With Grinder, 20 Bar Pressure, And Milk Frother",313.72,Bed Bath & Beyond,False,True,unclassified by example rules,True,True,True,False,False,False,False,False
bing-62318854f139fa1c490b,bing,"Garvee All-In-One Espresso Machine With Milk Frother, Cappuccino Latte Coffee Maker For Home Barista, Built-In Bean Grinder, 85Oz Removable Water",339.99,garvee.com,False,True,unclassified by example rules,True,True,False,False,False,False,False,False
bing-daeae43d27e5dd10228b,bing,Gevi 2026 Upgrade 20 Bar Espresso Machine With Grinder Milk Frother Professional Coffee Maker For Home Cappuccino Latte Removable Water Tank Steam W,281.34,alumigogo,False,True,unclassified by example rules,True,True,True,False,False,False,False,False
bing-c38b56839ad995d22f18,bing,"De'longhi Magnifica Start Automatic Espresso Machine, Milk Frother, Black",579.99,Findthedeal US,False,True,DeLonghi Magnifica Start,False,True,False,False,False,False,False,False
bing-ca5eefefe326fb47e3c5,bing,20 Bar Espresso Machine With Grinder & Milk Frother - Home & Professional Use,560.99,AccessoryZ,False,True,unclassified by example rules,True,True,True,False,False,False,False,False
bing-659c2419f68e515b5ea1,bing,"Italian Style Espresso Machine With Built In Grinder And Milk Frother, Auto Grind And Brew, 10-Stage Adjustable Grind, Home Use, Smooth Steam Milk Foa",13559.00,VXB.com,False,False,unclassified by example rules,True,True,False,False,False,False,False,False
bing-95c801faa933fa80fa2f,bing,"Espresso Machine With Grinder, 15 Bar Semi-Automatic Espresso Coffee Maker With Milk Frother Steam Wand, Removable Water Tank & Pressure Gauge For Cappuccino, Latte, Machiato, PID Control System",273.96,Weguy,False,True,unclassified by example rules,True,True,True,False,False,False,False,False
bing-9376c46c5715455a89a8,bing,3-In-1 Espresso Machine With Grinder Milk Frother 19Bar Professional WHITE / US,426.99,Everythings.Life,False,True,unclassified by example rules,True,True,False,False,False,False,False,False
bing-c9e92de32f7c005c9063,bing,"Espresso Machine With Grinder, 20 Bar Espresso Maker With Milk Frother Steam Wand, Professional Cappuccino Latte Maker, Gifts For Dad, Mom, Coffee Lover Or Housewarming",508.49,The Retail Market,False,True,unclassified by example rules,True,True,True,False,False,False,False,False
bing-84504958dc45121db337,bing,"Kismile Espresso Machine, Semi-Automatic Coffee Maker With Bean Grinder And Milk Frother Steam Wand - CM8031",499.99,delupe.com,False,True,unclassified by example rules,True,True,False,False,False,False,False,False
bing-484346c6e71773b55ed8,bing,"Automatic Espresso & Coffee Machine With Manual Milk Frother For Latte, Cappuccino, Built-In Grinder, Silver Coffee Maker",45.00,Alibaba.com,False,True,unclassified by example rules,True,True,False,False,False,False,True,False
bing-b9ca4f144966ffa80d50,bing,Espresso Machine With Grinder 20 Bar Espresso Machine With Milk Frother Steam W,404.79,AccessoryZ,False,True,unclassified by example rules,True,True,True,False,False,False,False,False
bing-69d809365143dac63ce7,bing,Automatic Espresso Machine With Built In Grinder And Touch Panel For Barista Quality Coffee At Home Milk Frothing Steam Wand Adjustable Strength Self,554.88,VXB.com,False,True,unclassified by example rules,True,True,False,False,False,False,False,False
bing-e7569e81edd2aa63ebf6,bing,"CASABREWS Espresso Machine With Grinder, Professional Espresso Maker With Milk Frother Steam Wand, 20 Bar Barista Cappuccino Machine With LCD Display For Lattes, Gift For Dad Mom Wife Or Coffee Lover",974.49,The Retail Market,False,False,unclassified by example rules,True,True,True,False,False,False,False,False
bing-e5e65f383212602c134a,bing,15 Bar Espresso Machines With Built-In Grinder Milk Frother & Auto-Cleaning,259.89,AccessoryZ,False,True,unclassified by example rules,True,True,True,False,False,False,False,False
bing-16f171fcd3e63a99145c,bing,"Espresso Machine 20 Bar, Expresso Coffee Machines With Grinder, Espresso Maker With Milk Frother",3.02,AliExpress,False,True,unclassified by example rules,True,True,True,False,False,False,False,False
bing-a38daf4ec239b5de91f2,bing,"Espresso Machine With Burr Grinder And 20 Bar Pressure, Milk Frother Steam Wand, Stainless Steel Home Coffee Maker For Cappuccino, Latte, Americano, C",294.88,VXB.com,False,True,unclassified by example rules,True,True,True,False,False,False,False,False
bing-d3b82fcfff13c8b299ec,bing,Espresso Machine With Grinder 20 Bar Pressure Milk Frother Stainless Steel,270.55,Aisle-3,False,True,unclassified by example rules,True,True,True,False,False,False,False,False
bing-b68a44ab2e6dce9505e4,bing,Italian Household Professional Automatic Multi Function Grinder Espresso Coffee Machine With Milk Frother,126.30,Alibaba.com,False,True,unclassified by example rules,True,True,False,False,False,False,True,False
bing-77ecbaaea4422b27ebd2,bing,Professional Espresso Machine With Grinder & Milk Frother 20 Bar Pressure,467.99,AccessoryZ,False,True,unclassified by example rules,True,True,True,False,False,False,False,False
bing-650e72bfbd0529a0fad9,bing,Espresso Machine With Built In Grinder And Milk Frother 20 Bar Coffee Maker For Home Baristas Removable Water Tank Anti Clog Grinding System Latte And,474.88,VXB.com,False,True,unclassified by example rules,True,True,True,False,False,False,False,False
bing-5c573e151a5e130f2b17,bing,"Espresso Machine With Grinder, Milk Frother Wand, 1450W, 20 Bar Professional Espresso Maker With Barista Kit, 2.8L Water Tank For Cappuccinos Or Macchiatos",548.49,The Retail Market,False,True,unclassified by example rules,True,True,True,False,False,False,False,False
bing-62c55277afa7c9def0ae,bing,Espresso Machine With Grinder And Milk Frother For Home Use 20 Bar Pressure Vintage Cream Finishing Built In Grinder For Fresh Espresso Barista Qualit,499.00,VXB.com,False,True,unclassified by example rules,True,True,True,False,False,False,False,False
bing-d5c054cfa057e1200cec,bing,"Super Automatic Espresso Machine With Built In Grinder And Milk Frother For Home Use, Create Latte Cappuccino Macchiato, Auto Wake Sleep, Customizable",1834.88,VXB.com,False,False,unclassified by example rules,True,True,False,False,False,False,False,False
bing-45df535a6538f17ec596,bing,"Fully Automatic Espresso Machine With Grinder - 20 Bar, Milk Frother, Adjustable Grinding, Touch Control & Auto Self-Cleaning, For Cappuccino &",322.99,Temu-AC,False,True,unclassified by example rules,True,True,True,False,False,False,False,False
bing-37603560287532676303,bing,"All-In-One Espresso Machine With 15 Bar Pressure, Built-In Bean Grinder, Milk Frother And Steam Wand, 70 Oz Removable Water Tank, Lightweight ABS Shel",479.00,VXB.com,False,True,unclassified by example rules,True,True,True,False,False,False,False,False
bing-2c7fd72b67d02a9c40b7,bing,"Zulay Kitchen Magia Manual Espresso Machine With Built-In Grinder & Steam Wand - 15 Bar Pressure Espresso Maker, 2L Removable Water Tank, Milk Frother",199.98,Findthedeal US,False,True,unclassified by example rules,True,True,True,False,False,False,False,False
bing-9528fae1057b8fcddbe4,bing,Home Espresso Machine With Grinder And Milk Frother 20 Bar Pressure Barista Quality Espresso Coffee Maker With Removable 60 Ounce Water Tank Steam Wan,249.00,VXB.com,False,True,unclassified by example rules,True,True,True,False,False,False,False,False
bing-48d85206b2f6bb0f46b5,bing,Espresso Machines With Grinder-19 Bar Automatic Coffee Machine With Milk Frother Wand For Cappuccino,351.00,Alibaba.com,False,True,unclassified by example rules,True,True,False,False,False,False,True,False
bing-055cbff8c048a4c9d7eb,bing,Fully Automatic Espresso Machine 20 Bar With Auto Milk Frother & Grinder,505.99,AccessoryZ,False,True,unclassified by example rules,True,True,True,False,False,False,False,False
bing-5b426604604b64a6f45e,bing,"Espresso Machine With Grinder, 15 Bar Semi-Automatic Espresso Coffee Maker With Milk Frother Steam Wand, Removable Water Tank & Pressure Gauge For",839.88,delupe.com,False,False,unclassified by example rules,True,True,True,False,False,False,False,False
bing-b3eaacf0d2a9b00129d7,bing,"Garvee 20 Bar Pressure Espresso Machine With Grinder, Milk Frother For Home/Office, 1.5L Removable Tank, Adjustable Shot Volume, - Black Spray Paint",199.99,garvee.com,False,True,unclassified by example rules,True,True,True,False,False,False,False,False
bing-2e1992678e4b3cc397cf,bing,15 Bar Espresso Machine With Coffee Grinder Milk Steam Frother Wand For Espresso And Latte,111.00,Alibaba.com,False,True,unclassified by example rules,True,True,True,False,False,False,True,False
bing-9f57bf365379aa49271a,bing,"De'longhi - Rivelia Fully Automatic Espresso Machine, Integrated Grinder, 2 Removable Bean Hoppers, Automatic Milk Frother - Sand Beige",1299.99,Best Buy,False,False,DeLonghi Rivelia,True,True,False,False,False,False,False,False
bing-7cf8e25d54f8f13837ea,bing,Fully Automatic Espresso Machine With Grinder Cappuccino & Latte Coffee Maker With Milk Frother And Touch Screen,330.00,Alibaba.com,False,True,unclassified by example rules,True,True,False,False,False,False,True,False
bing-14973aea8f44e2a0ae26,bing,Breville BES985BSS Oracle Jet Espresso …,1999.95,Amazon.com,False,False,Breville Oracle Jet,False,False,False,True,False,False,False,True
bing-be9acd3b57af42dc7201,bing,Espresso Machine With Grinder And Milk Frot…,156.71,Walmart,False,True,unclassified by example rules,True,True,False,True,False,False,False,True
bing-1bc8c4b40e1fc6608024,bing,Espresso Coffee Machine 20 Bar With …,310.00,Target,False,True,unclassified by example rules,False,False,True,True,False,False,False,True
bing-35cfa4192e643d29aa58,bing,"PHILIPS Baristina Espresso Machine, G…",359.96,Amazon.com,False,True,Philips Baristina,False,False,False,True,False,False,False,True
bing-61d666a62b526bc49e45,bing,"PHILIPS Baristina Espresso Machine, G…",267.34,Amazon.com,False,True,Philips Baristina,False,False,False,True,False,False,False,True
bing-a5cf3e406b4e98040e3d,bing,"Garvee 20 Bar Espresso Machines, …",229.99,Walmart,False,True,unclassified by example rules,False,False,True,True,False,False,False,True
bing-b4d4abd322b8f86ded33,bing,20 Bar Espresso Machine With Grinde…,292.64,Temu US,False,True,unclassified by example rules,True,False,True,True,False,False,False,True
bing-382cbbbfefdf99087fdb,bing,"Ninja Luxe Café Premier Series 3-In-1 Espresso, Cof…",599.99,Target,False,True,Ninja Premier,False,False,False,True,False,False,False,True
bing-1145140c1cad9c8a3854,bing,Professional Espresso Machine With Grinde…,316.34,Walmart,False,True,unclassified by example rules,True,False,False,True,False,False,False,True
bing-bbfdf55a3dfc577242a0,bing,"Free Village Coffee Maker With Grinder, …",299.99,Walmart,False,True,unclassified by example rules,True,False,False,True,False,False,False,True
bing-ec64f424891a84c25713,bing,Blissbrew Espresso Machine With Grinde…,525.99,Shop,False,True,unclassified by example rules,True,False,False,True,False,False,False,True
bing-afb3799263a2f1944e3c,bing,Garvee 15 Bar Semi-Automatic Espresso …,389.99,Target,False,True,unclassified by example rules,False,False,True,True,False,False,False,True
bing-5d80b155b8bf02ad01c8,bing,Zulay Kitchen Magia Clasica Automatic Es…,385.99,Amazon.com,False,True,unclassified by example rules,False,False,False,True,False,False,False,True
bing-df4863018c6bb78f619f,bing,Super Automatic Coffee Machine With …,938.04,Home Depot,False,False,unclassified by example rules,False,False,False,True,False,False,False,True
bing-d2e55c6a42c587e61799,bing,Nespresso - Pixie Silver Redesign & Aeroccino3 Mil…,289.99,Nespresso US,False,True,Nespresso,False,False,False,True,False,False,False,True
bing-63d4266e9468270e81dd,bing,Nespresso - Vertuo Matte Black & Aerocc…,269.99,Nespresso US,False,True,Nespresso,False,False,False,True,False,False,False,True
bing-af4381543fc3358cbc99,bing,Everythings.Life 3-In-1 Espresso Machine With G…,426.99,Shop,False,True,unclassified by example rules,False,False,False,True,False,False,False,True
bing-246f22a91ef18e791931,bing,"Espresso Machine, Stainless Steel Espre…",340.80,Walmart,False,True,unclassified by example rules,False,False,False,True,False,False,False,True
bing-941e92e86101e9aceebd,bing,Delonghi Rivelia Automatic Coffee An…,1299.95,Target,False,False,DeLonghi Rivelia,False,False,False,True,False,False,False,True
bing-1a1c7a2df17d7704e2d2,bing,2- Cup Silver/Brushed Stainless Steel All In …,265.99,Home Depot,False,True,unclassified by example rules,False,False,False,True,False,False,False,True
bing-ba2ed46f3cb385cc4bcd,bing,Everythings.Life 3-In-1 Espresso Machine With …,426.99,Shop,False,True,unclassified by example rules,False,False,False,True,False,False,False,True
bing-2a2568053bd382f24e11,bing,Magia 2-Cup Midnight Silver Espresso Mac…,999.99,Home Depot,False,False,unclassified by example rules,False,False,False,True,False,False,False,True
bing-1f73ca6b2627c80953ab,bing,Blissbrew Espresso Machine With Grinde…,749.99,Shop,False,True,unclassified by example rules,True,False,False,True,False,False,False,True
bing-5b9721c9fef1682a8896,bing,"Fully Automatic Espresso Machine With Grinder, E…",176.15,Proyins,False,True,unclassified by example rules,True,False,False,True,False,False,False,True
bing-d148977634cae94407e1,bing,The Barista Pro™,849.95,Sageappliances.com,False,False,unclassified by example rules,False,False,False,False,False,False,False,True
bing-060842692eee942952b3,bing,De'longhi Magnifica Start Coffee And Esp…,749.95,Target,False,True,DeLonghi Magnifica Start,False,False,False,True,False,False,False,True
bing-a5e51370a436aee3a09f,bing,"Espresso Machine, Espresso Machine W…",141.02,Proyins,False,True,unclassified by example rules,False,False,False,True,False,False,False,True
bing-e82d7d3daa78fb0ea24f,bing,20-Bar Espresso Machine With Grinde…,232.31,Temu US,False,True,unclassified by example rules,True,False,True,True,False,False,False,True
bing-b997648e7ebaeec1d065,bing,Auseo Espresso Machine With Grinde…,559.99,Walmart,False,True,unclassified by example rules,True,False,False,True,False,False,False,True
bing-88861fd3ac70636d0f01,bing,"Fully Automatic Espresso Machine,With Milk Frother, …",154.80,Proyins,False,True,unclassified by example rules,False,True,False,True,False,False,False,True
bing-d4dc97d84bd15f52e3f1,bing,De'longhi Rivelia Automatic Espresso …,519.98,Proyins,False,True,DeLonghi Rivelia,False,False,False,True,False,False,False,True
bing-21f4507db4524b6f110d,bing,Espresso Machine With Grinder Espresso Maker With Milk Frother Steam Wand 1450W,503.60,AccessoryZ,False,True,unclassified by example rules,True,True,False,False,False,False,False,False
bing-d4cc2e178191b45a9ffe,bing,Espresso Machines With Grinder-20 Bar Dual Boiler Automatic Coffee Machine With Milk Frother Wand For Cappuccino,110.00,Alibaba.com,False,True,unclassified by example rules,True,True,True,False,False,False,True,False
bing-7f074fd7f5098da55a2f,bing,Espresso Machine With Grinder For Home Use 20 Bar Pro Coffee Maker With Milk Frother For Latte Cappuccino Barista Style With 30 Grind Settings And Ant,344.88,VXB.com,False,True,unclassified by example rules,True,True,True,False,False,False,False,False
bing-fd799ec559b96859a907,bing,"CASABREWS Espresso Machine With Grinder, Professional Espresso Maker With Milk Frother Steam Wand, Barista Latte Machine With Removable Water Tank For Cappuccinos Or Macchiatos, Gift For Mom Dad",698.49,The Retail Market,False,True,unclassified by example rules,True,True,False,False,False,False,False,False
bing-063fe9f1ec58075eb29c,bing,20 Bar Espresso Machines With Grinder With Steam Milk Frother Steam Wand,328.79,AccessoryZ,False,True,unclassified by example rules,True,True,True,False,False,False,False,False
bing-4d52fe1ce90459ddb944,bing,"All In One Espresso Maker With Built In Grinder And Milk Frother For Home Baristas, Stainless Steel Design, Three Hole Steam Wand For Rich Foam, Easy",9167.61,VXB.com,False,False,unclassified by example rules,True,True,False,False,False,False,False,False
bing-88b2fb0f8fa23d2b30c3,bing,"Espresso Machine With Grinder, 20 Bar Espresso Coffee Machines With Milk Frother Steam Wand, Espresso Maker For Latte, Cappuccino, Black/White,",231.97,Temu-AC,False,True,unclassified by example rules,True,True,True,False,False,False,False,False
bing-d85a73186ce60874f478,bing,Automatic Espresso Machine With Milk Frother & Grinder - Touch Screen 1.5L,620.99,eBay US,False,True,unclassified by example rules,True,True,False,False,False,False,False,False
bing-48aa0b988a723cf4bff5,bing,"Commercial Espresso Machines With Grinder & LCD Display, 20 Bar Espresso Coffee Machines With Milk Frother, Coffee Espresso Machine & Cappuccino",250.18,Temu US,False,True,unclassified by example rules,True,True,True,False,False,False,False,False
bing-0657ba812f13dda229e0,bing,Fully Automatic Espresso Machine With Built In Grinder And Milk Frother 13 One Touch Recipes No Fuss All In One Programmable Coffee Maker For Espresso,1084.88,VXB.com,False,False,unclassified by example rules,True,True,False,False,False,False,False,False
bing-d076fdd636743915cbcb,bing,"15 Bar, 15 Cups, Semi-Automatic Espresso Machine, Silver, With Grinder, Milk Frother, PID Control, Emovable Water Tank",309.59,Home Depot,False,True,unclassified by example rules,True,True,True,False,False,False,False,False
bing-d637fc26697e448504ca,bing,Silver 20 Bar Espresso Coffee Maker With Built In Stainless Steel Grinder Adjustable Shot Volume 1.5L Detachable Water Tank Milk Steam Frother For Home Office Use Garveehome Color/Finish: Silver,249.99,Wayfair,False,True,unclassified by example rules,True,True,True,False,False,False,False,False
bing-1cf942e72c88bb4c26ae,bing,Magia Manual Espresso Machine With Grinder And Milk Frother - Latte Cappuccino Machine By Zulay Kitchen Zulay Kitchen,359.99,Wayfair,False,True,unclassified by example rules,True,True,False,False,False,False,False,False
bing-2c114e374a5d97e62a03,bing,Spresso Machine With Grinder And Milk Frother Espiron Optimum,300.00,Wayfair,False,True,unclassified by example rules,True,True,False,False,False,False,False,False
bing-b8ae01aae604a45b6ba4,bing,"All-In-One 58mm Espresso Machine With Built-In Grinder And Milk Steam Wand, 15 Bar, Stainless Steel, Anti-Static Grinder, Barista-Grade Home Cafe Capp",549.00,VXB.com,False,True,unclassified by example rules,True,True,True,False,False,False,False,False
bing-9540b9727223649767ed,bing,Espresso Machine With Grinder 20 Bar Electric Coffee Maker With Milk Frother Steam Wand For Home,124.00,Alibaba.com,False,True,unclassified by example rules,True,True,True,False,False,False,True,False
bing-950a0876d102784230a9,bing,Commercial Espresso Coffee Maker With Grinder Automatic Milk Frother For Home Or Office Useespresso Machine Professional,400.00,Alibaba B2B,False,True,unclassified by example rules,True,True,False,False,False,False,True,False
bing-eea802e12ca612532ff1,bing,"VEVOR VIP Espresso Machine With Grinder, 15 Bar Semi-Automatic Espresso Coffee Maker With Milk Frother Steam Wand, Removable Water Tank & Pressure Gau",454.21,Shop,False,True,unclassified by example rules,True,True,True,False,False,False,False,False
bing-fffb6c340707640b02d2,bing,Luxury Steam Milk Foam Multi Function 3In1 High Pressure 20Bar Italian Cappuccino Espresso Coffee Machine Maker With Grinder,320.00,Alibaba.com,False,True,unclassified by example rules,True,True,True,False,False,False,True,False
bing-0cdfc3ea9e21a6cae8ad,bing,"4 Compact Espresso Maker With Grinder & Milk Frother, Stainless Steel Design",299.65,eBay US,False,True,unclassified by example rules,True,True,False,False,False,False,False,False
bing-0627f04cacb99efe0ae1,bing,"3Rd-Gen Espresso Coffee Maker With Milk Frother - Removable Brewer & Grinder, Adjustable",411.57,AliExpress,False,True,unclassified by example rules,True,True,False,False,False,False,False,False
bing-7aa21957e08734827957,bing,With 250G Grinder Maker 220V 2800W Milk Frother Steamer Making Cappuccino Espresso Coffee Machine,149.00,Alibaba.com,False,True,unclassified by example rules,True,True,False,False,False,False,True,False
bing-480ee1adf2ad41cddecf,bing,Professional Household Espresso Coffee Maker 15 Bar Pump Electric Coffee Machine With Grinder And Milk Frother,383.00,Alibaba B2B,False,True,unclassified by example rules,True,True,True,False,False,False,True,False
bing-0f2e29dd363a3f45ad19,bing,In Stock Wholesale Super Automatic Programmable Espresso Machine With 9 Bars Of Pressure Milk Frother & Automatic Grinder,299.00,Alibaba.com,False,True,unclassified by example rules,True,True,False,False,False,False,True,False
bing-55c2201c9265b3990a9b,bing,"Stainless Steel Espresso Machine With Grinder, Milk Frother Steam Wand, Home Professional 20 Bar Cappuccino Latte Coffee Maker",129.90,Alibaba.com,False,True,unclassified by example rules,True,True,True,False,False,False,True,False
bing-01e7324cb0bb9043b927,bing,"Dual Boiler Espresso Machine With Grinder & Milk Frother, 58mm Machines, Stainless Steel Coffee Maker For Cappuccino And Latte, Perfect For Home",395.80,Temu-AC,False,True,unclassified by example rules,True,True,False,False,False,False,False,False
bing-7a3d2192b8032c95049a,bing,Home Kitchen Espresso Machine Stainless Steel W/ Milk Frother & Grinder,322.20,eBay US,False,True,unclassified by example rules,True,True,False,False,False,False,False,False
bing-768274d734cd0e80217a,bing,"CASABREWS 3700 Essential Semi Automatic Espresso Machine With Coffee Grinder, 20 Bar Coffee Maker With Milk Frother, Stainless Steel Espresso Maker For Latte, Cappuccino And Home Coffee Bar CASABREWS",199.99,Wayfair,False,True,unclassified by example rules,True,True,True,False,False,False,False,False
bing-b22c0cf075ceb7902e3e,bing,"20 Bar Espresso Machine With Built-In Anti-Clog Grinder, Milk Frother And Tamping Tools For Latte Art, Barista-Grade Home Coffee Maker With Jam-Free G",414.88,VXB.com,False,True,unclassified by example rules,True,True,True,False,False,False,False,False
bing-f7b8756b0d864f1aa445,bing,"Semi-Automatic Espresso & Coffee Machine With Manual Milk Frother For Latte, Cappuccino, Built-In Grinder, 850W Coffee Maker",29.50,Alibaba B2B,False,True,unclassified by example rules,True,True,False,False,False,False,True,False
bing-9c2c445fa8a7570fa3de,bing,Stainless Steel Espresso Machine W/ Milk Frother & Grinder For Home Kitchen,299.65,eBay US,False,True,unclassified by example rules,True,True,False,False,False,False,False,False
bing-b60cfc5370f4347502b9,bing,New Espresso Coffee Maker With Milk Frother Automatic Coffee Machine With Grinder Household Commicial Office,310.00,Alibaba.com,False,True,unclassified by example rules,True,True,False,False,False,False,True,False
bing-a7f2abfe67183aabe0c9,bing,Barista Cappuccino Machine Professional Espresso Maker Espresso Machine With Grinder Milk Frother Steam Wand,245.00,Alibaba.com,False,True,unclassified by example rules,True,True,False,False,False,False,True,False
bing-f3b9a48a7b8e5ca3692c,bing,"Espress-O Machine With Grinder, Professional Espress-O Machine With Milk Frother Steam Wand OUTGOODS",306.99,Wayfair,False,True,unclassified by example rules,True,True,False,False,False,False,False,False
bing-37bf52a3e8952cd57186,bing,"KRUPS Precision Espresso Coffee Machine With Grinder, Latte & Cappuccino Maker",647.99,Tanga,False,True,unclassified by example rules,True,False,False,False,False,False,False,False
bing-77ffa67c181d6c3612d6,bing,Espresso Coffee Machine With Grinder 20 Bar For Home Office Milk Frother Cappuccino Latte Machines Professional,80.00,Alibaba.com,False,True,unclassified by example rules,True,True,True,False,False,False,True,False
bing-bff99be52e4bd9ed435a,bing,Magia Clasica 2-Cup White Copper Fully A…,430.62,Home Depot,False,True,unclassified by example rules,False,False,False,True,False,False,False,True
bing-709ce78070198e6c89b4,bing,De'longhi America Dinamica Fully Autom…,799.99,Amazon.com,False,True,unclassified by example rules,False,False,False,True,False,False,False,True
bing-053eb914e719f87577e4,bing,Smartpursue™ Automatic Espresso Machine With Gri…,499.99,Shop,False,True,unclassified by example rules,False,False,False,True,False,False,False,True
bing-78e0c6bc6dd3cdb9f438,bing,Kitchenaid Semi Auto Espresso Machine Wi…,699.95,Sur La Table,False,True,unclassified by example rules,False,False,False,True,False,False,False,True
bing-d453696aa0bb764740b7,bing,Blissbrew 2026 Upgrade) 15 Bar Espresso Machine Wit…,849.99,Shop,False,False,unclassified by example rules,False,False,True,True,False,False,False,True
bing-d1b779f2b00805c4ef05,bing,Fully Automatic Espresso Machine 20 Bar With Auto …,349.99,Temu US,False,True,unclassified by example rules,False,False,True,True,False,False,False,True
bing-de5b6cb4291aec05026e,bing,"Espresso Machine With Grinder, Professional Espre…",200.00,Proyins,False,True,unclassified by example rules,True,False,False,True,False,False,False,True
bing-8e7b383bc848c649b2a7,bing,De'longhi La Specialista Touch Espresso Machine …,799.95,Amazon.com,True,True,DeLonghi La Specialista,False,False,False,True,False,False,False,True
bing-1241690f64fc237f5f67,bing,EUHOMY 20 Bar Espresso Machine With Milk Tank Sta…,299.99,Target,False,True,unclassified by example rules,False,True,True,True,False,False,False,True
bing-1451fd56310971330833,bing,Gevi 20 Bar Compact Espresso Machine Wit…,109.99,Amazon.com,False,True,unclassified by example rules,False,False,True,True,False,False,False,True
bing-89ce0417668a60045fe5,bing,"Espresso Machines With Grinder, 20 Bar Professiona…",113.04,Proyins,False,True,unclassified by example rules,True,False,True,True,False,False,False,True
bing-7b3a0a523c76e961fbbc,bing,Nespresso Vertuo Next Premium Espresso Machin…,167.95,Williams Sonoma,False,True,Nespresso,False,False,False,True,False,False,False,True
bing-69405129c2609cc887ac,bing,Ninja 12C/Single-Serve Espresso & Coffee Barista …,279.99,Target,False,True,unclassified by example rules,False,False,False,True,False,False,False,True
bing-a80660fd26ac37f0934c,bing,"Espresso Machine With Grinder, 20 Bar Automatic …",277.26,Temu US,False,True,unclassified by example rules,True,False,True,True,False,False,False,True
bing-b4a4a54f521cb809db06,bing,"Garvee Espresso Coffee Machine With Grinder, 20 B…",317.99,garvee.com,False,True,unclassified by example rules,True,False,False,True,False,False,False,True
bing-33af8dba05d89a0e86c9,bing,GARVEE 15-Bar Espresso Machine With Built-In Grind…,408.99,garvee.com,False,True,unclassified by example rules,True,False,True,True,False,False,False,True
bing-7e46371cb5b9552640b4,bing,"Espresso Machine With Grinder, Professional Espre…",112.00,Proyins,False,True,unclassified by example rules,True,False,False,True,False,False,False,True
bing-a7aa441d00b13fcc252f,bing,QDMECH Automatic Espresso Coffee Machine …,500.00,Alibaba B2B,False,True,unclassified by example rules,False,False,False,True,False,False,True,True
bing-76b5c192d64860507557,bing,"20 Bar Espresso Machine With Built-In Grinder, Stainl…",499.99,Kohl's,False,True,unclassified by example rules,True,False,True,True,False,False,False,True
bing-06a37d55b34221baed4a,bing,Blissbrew 20 Bar Espresso Machine Wit…,776.99,Shop,False,True,unclassified by example rules,False,False,True,True,False,False,False,True
bing-9b1ab71c68cd0c12e329,bing,15 Bar Espresso & Cappuccino Machine Bean Grinder Combo With Milk Frother & Steam Wand Grain Product Making Machine,230.51,Alibaba.com,False,True,unclassified by example rules,True,True,True,False,False,False,True,False
bing-6d0d1484fc4370a3a462,bing,Super Automatic Espresso Maker Machine With Grinder Auto Cleaning Milk Foam System For Latte Cappuccino Macchiato,350.00,Alibaba.com,False,True,unclassified by example rules,True,True,False,False,False,False,True,False
bing-28efb932a72fcd5a1556,bing,"Espresso Machine With Grinder, Milk Frother, Steam Wand, 1.8L Water Tank, Digital Touch Screen, Cappuccino Latte Coffee Maker",29.90,Alibaba.com,False,True,unclassified by example rules,True,True,False,False,False,False,True,False
bing-4a0ad7ee5eae1072ce3f,bing,Barista-Grade All In One Espresso Machine With Built In Grinder Milk Frother And Steamer Auto Tamper Descaler Color Touch Display And One Touch Drinks,1534.88,VXB.com,False,False,unclassified by example rules,True,True,False,False,False,False,False,False
bing-a47a42f3da93ecb1520c,bing,"Three-In-One Espresso Machine With Built-In Steel Conical Grinder, Auto Brew, And Milk Frother, 10 Grind Settings, Push-To-Grind Convenience, Barista-",15939.00,VXB.com,False,False,unclassified by example rules,True,True,False,False,False,False,False,False
bing-589afb42f21f096c2b0e,bing,highly rated,599.99,Best Buy,True,True,Ninja Premier,True,True,False,False,False,False,False,False
bing-91b7b103c412c519e3a7,bing,"CASABREWS Espresso Machine 20 Bar With Coffee Grinder, Semi Automatic Coffee Maker With Milk Frother And Stainless Steel Blades For Fresh Ground Espresso, Latte And Cappuccino CASABREWS",199.99,Wayfair,False,True,unclassified by example rules,True,True,True,False,False,False,False,False
bing-c7a752a6e40d3bcbf661,bing,Espresso Coffee Maker Compact With Grinder & Milk Frother Stainless Steel,322.20,eBay US,False,True,unclassified by example rules,True,True,False,False,False,False,False,False
bing-047e8070cc2bbd724ae2,bing,"Blissbrew 2026 Upgrade) Espresso Machine With Grinder, Expresso Coffee Machines With Built-In Anti-Clog Coffee Grinder/Milk Steam Wand/Frother, Expres",552.99,Shop,False,True,unclassified by example rules,True,True,False,False,False,False,False,False
bing-208365445dc00b4cbbf6,bing,Milk Frother Professional Automatic Expresso Automatic Machine Commercial Espresso Coffee Machine With Grinder,240.00,Alibaba B2B,False,True,unclassified by example rules,True,True,False,False,False,False,True,False
bing-61decbbb528fa464f8d3,bing,Italian Home Professional Semi Automatic Milk Frother Cappuccino Espresso Coffee Makers With Grinder,637.20,Alibaba.com,False,True,unclassified by example rules,True,True,False,False,False,False,True,False
bing-c8b8dcf2d074b0dcb9ed,bing,Espresso Machine With Auto Tamper Auto Cleaning Milk Frother And Built In Grinder For At Home Barista Grade Cappuccinos Lattes And Macchiatos With Nin,1344.88,VXB.com,False,False,unclassified by example rules,True,True,False,False,False,False,False,False
bing-63dbd0a2a3fd2deec19f,bing,"Automatic Italian Coffee Machine With Built-In Grinder & Milk Frother - One-Touch Operation, Adjustable Grind",559.23,Bed Bath & Beyond,False,True,unclassified by example rules,True,True,False,False,False,False,False,False
bing-e2ea8284664c99f1318a,bing,"Breville Barista Touch Stainless Steel Espresso Maker BES880BSS1BUS1: 15 Bars Pressure, Milk Frother, Grinder, 67Oz Capacity",999.99,Target,False,False,Breville Barista Touch (other),True,True,True,False,False,False,False,False
bing-d3aaab6bb9bdbb0ba72a,bing,"Eastvita Machine With Grinder Cappuccino And Latte Maker With Powerful Milk Frother For Home Barista, LCD Display,Stainless Steel Coffee Maker",281.99,Walmart,False,True,unclassified by example rules,True,True,False,False,False,False,False,False
bing-1dd392a01e715db007bd,bing,QDMECH 220V Automatic Bean To Cup Coffee Maker With Grinder Milk Frother Multifunction Cappuccino Latte Coffee Machine,500.00,Alibaba B2B,False,True,unclassified by example rules,True,True,False,False,False,False,True,False
bing-86b37371ef27345c4dcc,bing,Professional Office Espresso System With Grinder & Milk Frother Box,142.00,Alibaba B2B,False,True,unclassified by example rules,True,True,False,False,False,False,True,False
bing-7887b55a520e19949fb3,bing,QDMECH Fully Automatic Intelligent Coffee Machine With Grinder Milk Frother Espresso Cappuccino Latte Office Coffee Machine,500.00,Alibaba B2B,False,True,unclassified by example rules,True,True,False,False,False,False,True,False
bing-624710342e578c8452a3,bing,"Dual Boiler Espresso Machine With Grinder, 20 Bar Espresso Maker With Milk Steamer & Hot Water, Dual LED Display, Pressure Gauge, Burr Grinder, Coffee Machine For Home&Office, Stainless Steel COWSAR",489.99,Wayfair,False,True,unclassified by example rules,True,True,True,False,False,False,False,False
bing-0dbc94609b804b9bc78c,bing,19 Bar Espresso Machine With Coffee Grinder Milk Steam Frother Wand For Espresso Cappuccino And Latte,155.00,Alibaba B2B,False,True,unclassified by example rules,True,True,False,False,False,False,True,False
bing-1319fc13b8a8ec4632a0,bing,"Professional 20 Bar Machine,Built-In Grinder & Milk Frother,1.5L Water Tank NEW. Garvee. PHO 34YLKFG7-Silver. Espresso & Cappuccino Machines.",219.99,eBay,False,True,unclassified by example rules,True,True,True,False,False,False,False,False
bing-6682bbef1dd893115088,bing,"4 Compact Espresso Maker With Grinder & Milk Frother, Stainless Steel Design. Zstar. Silver. Espresso & Cappuccino Machines. 629831840700.",299.65,eBay,False,True,unclassified by example rules,True,True,False,False,False,False,False,False
bing-4dc5b8e2ee15522d6952,bing,Semi Automatic Espresso Machine With Grinder And Milk Frother 20 Bar Professional Pressure Large 95Oz Removable Water Tank,309.26,Temu-AC,False,True,unclassified by example rules,True,True,True,False,False,False,False,False
bing-7d6530ba5a01aa92c129,bing,"Semi-Automatic Espresso & Coffee Machine With Manual Milk Frother For Latte, Cappuccino, Built-In Grinder, Silver Coffee Maker",49.50,Alibaba.com,False,True,unclassified by example rules,True,True,False,False,False,False,True,False
bing-b4c7ed14dbba8b6d550c,bing,"Espresso Machine ,Semi-Automatic Coffee Maker With Bean Grinder And Milk Frother Steam Wand CM8050 - CM8050H",439.99,delupe.com,False,True,unclassified by example rules,True,True,False,False,False,False,False,False
bing-4ed87dfed4540f3f409c,bing,Professional Milk Frother Coffee Espresso Home Machine With Grinder,280.00,Alibaba.com,False,True,unclassified by example rules,True,True,False,False,False,False,True,False
bing-43de8e4359ad1784cba0,bing,"Ninja - Luxe Café Premier Series 3-In-1 Espresso, Coffee, And Cold Brew Machine With Grinder And Scale, And Hands-Free Frother - Cyberspace",599.99,Best Buy,True,True,Ninja Premier,True,True,False,False,False,False,False,False
bing-5963e05d24b87ba08d9e,bing,Electric Espresso Coffee Maker Machine With Coffee Grinder Milk Steam Frother Wand For Cappuccino Latte,93.00,Alibaba.com,False,True,unclassified by example rules,True,True,False,False,False,False,True,False
bing-555c889123cc8589e9f1,bing,19 Bar Full Automatic Cafe Maker Built-In Adjustable Grinder And Manual Milk Frother Steam Wand For Cappuccino Latte Macchiato,190.00,Alibaba.com,False,True,unclassified by example rules,True,True,False,False,False,False,True,False
bing-46aeeb9c07398184ea88,bing,Espresso Machine 15 Gears Coffee Grinder Milk Steam Wand For Espresso 150G Bean Volume Coffee Maker With Automatic Milk Frother,340.00,Alibaba.com,False,True,unclassified by example rules,True,True,False,False,False,False,True,False
bing-ce34330d6ac085f4326c,bing,Household Multifunctional 15Bar 1450W Powerful Espresso Coffee Machine Milk Frothing With Grinder Electric Coffee Maker,107.30,Alibaba.com,False,True,unclassified by example rules,True,True,True,False,False,False,True,False
bing-4d8b5ffd6453f1c28447,bing,Newly Designed Semi-Automatic Espresso Machine Coffee Grinder With Integrated Milk Frother,44.00,Alibaba.com,False,True,unclassified by example rules,True,True,False,False,False,False,True,False
bing-a75dd746990e219179ad,bing,Espresso Machine With Grinder Semi-Automatic Espresso Coffee Maker Milk Frother,586.84,AccessoryZ,False,True,unclassified by example rules,True,True,False,False,False,False,False,False
google-689c3dc5eb84ca0ea6a9,google,Gemilai Owl G3006 Semi-Automatic 15 Bar Home Espresso Coffee Machine with Milk Frother Steam Wand,359.99,Gemilai,False,True,unclassified by example rules,False,True,True,False,False,False,False,True
google-927aa0cbd12c9dd871be,google,Craftbrew Espresso Machine - Black Stainless,129.99,Chefman,False,True,unclassified by example rules,False,False,False,False,False,False,False,True
google-093ec7415b0297f54798,google,"Gemilai Ele G3028A Semi-Automatic Espresso Machine with Dual PID & Adjustable Dual-Mode OPV, 550ml Brew Boiler, Auto Milk Frothing Ivory White",699.99,Gemilai,False,True,unclassified by example rules,False,True,False,False,False,False,False,True
google-fd471507f3507f60e2c5,google,Best Espresso Machine | Dual Boiler Rotary Pump | Dose & Yield by Weight | Meraki Gen 2,1799.00,Meraki,False,False,unclassified by example rules,False,False,False,False,False,False,False,True
google-9f5c0b2033b9a5b838b3,google,"Garvee All-in-One Espresso Machine with Milk Frother, Cappuccino Latte Coffee Maker for Home Barista, Built-In Bean Grinder,85oz Removable Water Tank,",309.99,garvee,False,True,unclassified by example rules,True,True,False,False,False,False,False,True
google-7008e45b66b4d776a130,google,"Coffee & Espresso Machine for Home - Latte, Cappuccino & More - Steam Wand Milk Frother - The Best Espresso - Semi Automatic - Cafe Bueno CB-2000",399.99,Cafe Bueno,False,True,unclassified by example rules,False,True,False,False,False,False,False,True
google-a24964046c8abefc9c71,google,Turin Gallatin DB - Dual Boiler Espresso Machine with PID - Polished Stainless,1949.00,espressooutlet.com,False,False,unclassified by example rules,False,False,False,False,False,False,False,True
google-6075be09309c1cedfa75,google,"Breville Barista Express Impress Espresso Machine, Olive Tapenade, Green",649.95,Williams-Sonoma,True,True,Breville Barista Express Impress,False,False,False,False,False,False,False,True
google-3e0e1bd5e6c6b143e0eb,google,"Gemilai Ele G3028A Semi-Automatic Espresso Machine with Dual PID & Adjustable Dual-Mode OPV, 550ml Brew Boiler, Auto Milk Frothing Elephant Grey",699.99,Gemilai,False,True,unclassified by example rules,False,True,False,False,False,False,False,True
google-deddf6d8df156ac11d4f,google,Brew Barista-Quality Espresso at Home | GEVI Black Friday Deal,359.99,GEVI,False,True,unclassified by example rules,False,False,False,False,False,False,False,True
google-52599dc6158698ca86ad,google,Philips Barista Brew Semi-Automatic Espresso Machine Philips,429.99,Wayfair,True,True,Philips Barista Brew,False,False,False,False,False,False,False,True
google-09ab220c662fb70ce7c9,google,"Lifeimpree Espresso Machine with Grinder, 20 Bar Coffee Machine for Home with Powerful Milk Frother Steam Wand, 30 Grind Settings, 1550w Coffee Maker",156.00,Walmart,False,True,unclassified by example rules,True,True,True,False,False,False,False,True
google-ae498ae8f614607c236a,google,CraftBrew Espresso Machine,99.99,Chefman,False,True,unclassified by example rules,False,False,False,False,False,False,False,True
google-4d53fd2ce8be21625019,google,20 Bar Espresso Machines with Grinde CM8031 - Kismile 80431KCM0-WHITE(1 yr warranty),280.50,Kismile,False,True,unclassified by example rules,True,False,True,False,False,False,False,True
google-4b850be38b09081be841,google,Crema Deluxe Double Boiler Espresso Machine,499.99,Chefman,False,True,Chefman Crema Deluxe,False,False,False,False,False,False,False,True
google-4cac610ce4e4d1376e1a,google,5418 Pro Fast-Heating Espresso Machine | CASABREWS Beige,199.99,casabrews,False,True,unclassified by example rules,False,False,False,False,False,False,False,True
google-9fe04acd49cb549f5408,google,"COWSAR 20 Bar Espresso Machine with Grinder, Professional Espresso Maker, Milk Frother Steam Wand, Removable Water Tank, White",289.99,Target,False,True,unclassified by example rules,True,True,True,False,False,False,False,True
google-0634ebee15cca5883518,google,Ninja Luxe Cafe Premier Espresso Machine in Blue in Trace Blue | ES601BL | SharkNinja,599.99,SharkNinja,True,True,Ninja Premier,False,False,False,False,False,False,False,True
google-062c372f4deabe1399f0,google,Gemilai Owl G3006 Semi-Automatic 15 Bar Home Espresso Coffee Machine with Milk Frother Steam Wand Metallic Silver,359.99,Gemilai,False,True,unclassified by example rules,False,True,True,False,False,False,False,True
google-409454c99783973698a7,google,"Breville Barista Express Impress Espresso Machine, Sea Salt, White",649.95,Williams-Sonoma,True,True,Breville Barista Express Impress,False,False,False,False,False,False,False,True
google-04f19fd9aa585f2a9040,google,"Breville Barista Express Impress Espresso Machine, Silver",649.95,Williams-Sonoma,False,True,Breville Barista Express Impress,False,False,False,False,False,False,False,True
google-8dec8ad49b7949773f22,google,"Elite Espresso Machines With Milk Frother Steam Wand, Coffee Grinder & Self-cleaning Kismile",295.99,Wayfair,False,True,unclassified by example rules,True,True,False,False,False,False,False,True
google-afff0c4dc2bebb7a1122,google,Kismile 15-Bar Espresso Coffee Machine,459.99,Rowan Appliance,False,True,unclassified by example rules,False,False,True,False,False,False,False,True
google-7eb494d8a25bff454d9e,google,"De'Longhi - Magnifica Evo Espresso Machine with Automatic Milk Frother for Hot and Iced Lattes, Coffee and More - Silver",749.99,Best Buy,True,True,DeLonghi Magnifica Evo (other),False,True,False,False,False,False,False,True
google-0bd16a178cc0bfc594cd,google,"Coffee machine with grinder, Coffee maker sale 20 Bar Espresso Machine with Milk Frother Steam Wand, Coffee maker with grinder, 58 mm",91.16,Temu,False,True,unclassified by example rules,True,True,True,False,False,False,False,True
google-9071502a3f1d326b6738,google,Frigidaire - Steam Espresso Maker,129.00,Frigidaire,False,True,unclassified by example rules,False,True,False,False,False,False,False,True
google-66031605de74aad8da51,google,COWSAR 20-Bar Commercial Espresso Machine with Grinder White,309.99,cowsarofficial,False,True,unclassified by example rules,True,False,True,False,False,False,False,True
google-91161e46ef2dad7f708d,google,"Garvee 20 Bar Espresso Machine - 1500W Motor, Built - In 30 - Setting Grinder, Milk Frothing, PID, 2.8L Tank",399.99,garvee,False,True,unclassified by example rules,True,True,True,False,False,False,False,True
google-e7d3b62fa8e758b23bca,google,"Anlicho 2-Cup Silver Semi-Automatic Espresso Machine with Built-In Grinder, 20-Bar Extraction, NTC Temp Control",249.00,Home Depot,False,True,unclassified by example rules,True,False,True,False,False,False,False,True
google-54752d3ce9bd4e4903b7,google,"Breville Bambino Espresso Machine, Silver",299.95,Williams-Sonoma,True,True,Breville Bambino (other),False,False,False,False,False,False,False,True
google-6b88fcbcf908d96468f2,google,"Espressione Concierge 12.5 Inch Fully Automatic Espresso Machine – 7 Inch Bean to Cup Maker with 20 Bar Pump, Black",399.96,Sur La Table,False,True,unclassified by example rules,True,False,True,False,False,False,False,True
google-5f8367167d31245ff7d0,google,"Philips Baristina Latte Espresso Machine with Milk Frother, White, White",499.95,Williams-Sonoma,False,True,Philips Baristina,False,True,False,False,False,False,False,True
google-7a62c33c2d2753dc346a,google,"Chefman Barista Pro Espresso Maker Stainless Steel Finish: 1350W Electric Coffee Machine, Dishwasher-Safe Parts, 1.8L Capacity",139.99,Target,False,True,unclassified by example rules,False,False,False,False,False,False,False,True
google-7ca7479d2dbbeadb3230,google,"20 Bar Espresso Machine with Grinder, Professional Coffee Maker with Milk Frother, Hot Water Function, Removable Water Tank, Black Kismile",239.99,Wayfair,False,True,unclassified by example rules,True,True,True,False,False,False,False,True
google-4a1c534628780905e756,google,20 Bar Espresso Machines with Grinde CM8031 - Kismile CM8031(1 yr free warranty),309.99,Kismile,False,True,unclassified by example rules,True,False,True,False,False,False,False,True
google-40e8d2a541b7e7fb19db,google,Ninja Luxe Cafe Premier Espresso Machine in Oat Milk | ES601WH | SharkNinja,599.99,SharkNinja,True,True,Ninja Premier,False,True,False,False,False,False,False,True
google-ce567872f47704a0f42f,google,CM5418 BASIC --Best 20bar Espresso Machine with Milk Frother,98.99,casabrews,True,True,unclassified by example rules,False,True,True,False,False,False,False,True
google-7013fa1746e456ff626b,google,Bellucci Bellucci Latte De Luxe Super Automatic Espresso Machine (Black),710.00,homecoffeesolutions.com,False,True,unclassified by example rules,False,False,False,False,False,False,False,True
google-a02bae23b53b76bc24b2,google,Philips Baristina Espresso machine Milky White,449.99,Philips Home Appliances US,False,True,Philips Baristina,False,True,False,False,False,False,False,True
google-36fa0efde517b5d7fda8,google,"Bluebow Espresso Machine with Color Touchscreen, 20 Bar Espresso Maker with Automatic Milk Frother, Coffee Maker for Home - Cold Brew Cappuccino Latte",116.99,Walmart,False,True,unclassified by example rules,False,True,True,False,False,False,False,True
google-04442529dc01aab8c0a5,google,De'Longhi Magnifica Evo Espresso Machine with LatteCrema System,899.95,De'Longhi & more,False,False,DeLonghi Magnifica Evo (other),False,False,False,False,True,False,False,False
google-70d858d19fd46fafb853,google,Philips 5500 Series LatteGo Fully Automatic Espresso Machine,899.96,Walmart - LifestyleByFocus & more,False,False,Philips 5500,False,False,False,False,True,False,False,False
google-f672799d4177b5d361e3,google,Breville Barista Touch Espresso Machine,999.95,Breville & more,False,False,Breville Barista Touch (other),False,False,False,False,True,False,False,False
google-e7d412d7eeea2e97dd30,google,De'Longhi Magnifica Evo Espresso Machine,749.95,Refurbished.Walmart & more,False,True,DeLonghi Magnifica Evo (other),False,False,False,False,True,False,False,False
google-2fb2d250ff7b3427abbb,google,Philips Saeco 5500 LATTEGO + ICED COFFEE Silent Brew Coffee Machine EP5544/90 (Grey Chrome) + FREE COFFEE,693.00,Creative Coffee,False,True,Philips 5500,False,False,False,False,False,False,False,False
google-e9eb8fe30b1ea9d40fd8,google,Breville Barista Touch Impress Espresso Machine,1499.95,Breville & more,False,False,Breville Barista Touch Impress,False,False,False,False,True,False,False,False
google-71336ad308e6154992c2,google,De'Longhi Magnifica Evo Next Fully Automatic Espresso Machine,1099.95,Target & more,False,False,DeLonghi Magnifica Evo Next,False,False,False,False,True,False,False,False
google-add4d25806a810d8974a,google,Philips 5500 Series Fully Automatic Espresso Machine with LatteGo,1299.95,Sur La Table & more,False,False,Philips 5500,False,False,False,False,True,False,False,False
google-d5e12a594869aa3d85ed,google,Breville Barista Touch,999.95,dunecoffee.com,False,False,Breville Barista Touch (other),False,False,False,False,False,False,False,False
google-9083303fcc2e5fd2dd1d,google,Delonghi Magnifica Evo with frother ECAM29084SB | 2 Yrs Warranty,899.95,Espresso Machine Experts,False,False,DeLonghi Magnifica Evo (other),False,True,False,False,False,False,False,False
google-977666da80b52a214754,google,Breville Bambino Espresso Machine,299.95,Best Buy & more,False,True,Breville Bambino (other),False,False,False,False,True,False,False,False
google-c0a29ed9e49032b51060,google,De'Longhi La Specialista Maestro Espresso Machine with Cold Brew,831.97,Walmart & more,False,False,DeLonghi La Specialista,False,False,False,False,True,False,False,False
google-8bbde86ff3f4e659e021,google,Turin Gallatin V HX Espresso Machine with PID,1299.00,espressooutlet.com & more,False,False,unclassified by example rules,False,False,False,False,True,False,False,False
google-e6c59526c1b98a2fbc3c,google,Breville the Bambino Espresso Machine,299.95,PC Richard & Son & more,True,True,Breville Bambino (other),False,False,False,False,True,False,False,False
google-df929791eeb4aa842e70,google,Breville Oracle Jet Espresso Machine,1999.95,Breville & more,False,False,Breville Oracle Jet,False,False,False,False,True,False,False,False
google-f9ceba2e59999d43cab5,google,Bezzera Luce S PID Espressomaschine,2149.00,Whole Latte Love,False,False,unclassified by example rules,False,False,False,False,False,False,False,False
google-3b66cec49c3013bc150d,google,Breville Bambino Stainless Steel Espresso Maker Silver BES450BSS,93.45,Foreign Price: £69littlewoods.com,False,True,Breville Bambino (other),False,False,False,False,False,False,False,False
google-ae16f17e37b151e3a9fd,google,Breville Barista Express Espresso Machine Impress,649.95,Whole Latte Love & more,False,True,Breville Barista Express Impress,False,False,False,False,True,False,False,False
google-dc0d04709783b322616b,google,ECM Mechanika Slim PID Espresso Machine,2159.00,Clive Coffee & more,False,False,unclassified by example rules,False,False,False,False,True,False,False,False
google-bbbd53043c8ed53733ef,google,Breville Bambino Plus Espresso Machine,499.95,Breville & more,True,True,Breville Bambino Plus,False,False,False,False,True,False,False,False
google-73d649a23e17eb409d3e,google,Chefman Crema Supreme Espresso Machine,329.99,Target & more,True,True,Chefman Crema Supreme,False,False,False,False,True,False,False,False
google-e330ec1bb31d6723d074,google,AIRMSEN Espresso Machines with Burr Grinder 20 Bar,184.99,Best Buy & more,False,True,unclassified by example rules,True,False,True,False,True,False,False,False
google-c1ac723b3479e478c13f,google,Ninja Luxe Caf Mini Espresso Machine & Drip Coffee Maker with Built-in Grinder,449.99,Walmart & more,False,True,Ninja Mini (other),True,False,False,False,True,False,False,False
google-9a80fa64810512850360,google,Breville Barista Express Espresso Machine,689.99,Best Buy & more,False,True,Breville Barista Express (other),False,False,False,False,True,False,False,False
google-685be5d79a31ad7bf48c,google,Breville Barista Express Espresso Machine Impress,649.95,Macy's & more,False,True,Breville Barista Express Impress,False,False,False,False,True,False,False,False
google-1fb95f4aec8a1d774f47,google,20 Bar Espresso Machine with Conical Burr Grinder & Steam Wand Stainless Steel All-in-One Coffee Maker for Latte,215.99,Target & more,False,True,unclassified by example rules,True,True,True,False,True,False,False,False
google-90f95eb7a3aaf756914d,google,De'Longhi Magnifica Start Espresso & Coffee Machine with Automatic Milk Frother,769.00,Walmart - ElectroCell & more,False,True,DeLonghi Magnifica Start,False,True,False,False,True,False,False,False
google-2f0e3fe6ce9327efd599,google,Cafe BELLISSIMO Semi Automatic Espresso Machine + Frother,579.95,Crate & Barrel & more,False,True,unclassified by example rules,False,True,False,False,True,False,False,False
google-e405f9c71a7f83b9074e,google,Garvee 20 Bar Pressure Stainless Steel Espresso Machine with Grinder,266.99,Lowe's & more,False,True,unclassified by example rules,True,False,True,False,True,False,False,False
google-cafe28979b07d09cdb70,google,Thyme & Table Barista Grade 15-Bar Espresso Machine with Conical Burr Grinder,349.00,Walmart & more,False,True,unclassified by example rules,True,False,True,False,True,False,False,False
google-08d47bfb07f6fca45197,google,Espresso Machine with Grinder Milk Frother Wand 1450W,699.99,Target,False,True,unclassified by example rules,True,True,False,False,False,False,False,False
google-e0afe7f59d7d0969257e,google,De'Longhi Magnifica Evo Espresso Machine with LatteCrema System,859.00,Best Buy & more,False,False,DeLonghi Magnifica Evo (other),False,False,False,False,True,False,False,False
google-b063db752a738d4653f3,google,Ninja Luxe Café Pro Series Espresso Machine Drip Coffee Maker,749.95,Crate & Barrel & more,False,True,unclassified by example rules,False,False,False,False,True,False,False,False
google-858aadeff0460f696c46,google,EUHOMY Espresso Machine with Grinder 15 Bar Coffee Maker with Milk Frother Steamer Wand,240.00,Target,False,True,unclassified by example rules,True,True,True,False,False,False,False,False
google-e6beb424762e82f2edc6,google,"Mooye All-in-One Espresso Machine with Grinder, 20-Bar Espresso Maker with Milk Frother for Latte & Cappuccino, Black",169.99,Walmart - Seller,False,True,unclassified by example rules,True,True,True,False,False,False,False,False
google-56ed4c5e9815df68a50f,google,"Espressoworks 19-Bar Espresso, Latte and Cappuccino Maker 10-piece Set",98.00,EspressoWorks & more,False,True,unclassified by example rules,False,False,False,False,True,False,False,False
google-2e0bb75620d183cc5b2e,google,VEVOR 15 Bar Semi-automatic Espresso Machine with Built-in Grinder,246.99,VEVOR,False,True,unclassified by example rules,True,False,True,False,False,False,False,False
google-a6e2a72b78258271e2f3,google,Breville Barista Touch Espresso Machine,999.99,Target & more,False,False,Breville Barista Touch (other),False,False,False,False,True,False,False,False
google-794ba498120c1bf382fc,google,Gevi 20 Bar Espresso Machine with Grinder & Milk Frother,359.99,GEVI & more,False,True,unclassified by example rules,True,True,True,False,True,False,False,False
google-d344a2586c54609b35e4,google,Philips Baristina Automatic Espresso Machine & Milk Frother Bundle,344.49,Walmart - Dazzling Deals L.L.C & more,False,True,Philips Baristina,False,True,False,False,True,False,False,False
google-b3deff288f5bfa809c8d,google,Zulay Kitchen Magia Espresso Machine 15 Bar with Grinder Milk Frother 2L Removable Tank x003iudz61,207.99,Lowe's,False,True,unclassified by example rules,True,True,True,False,False,False,False,False
google-e2be2135b7e0b258bf1b,google,"SIMZLIFE - 4 in 1 Espresso Machine with Grinder ,15 Bar- Coffee Maker w/Milk Frother Steamer Wand & Removable Water Tank - Silver",229.99,Best Buy,False,True,unclassified by example rules,True,True,True,False,False,False,False,False
google-4875e707ae51cf9708c5,google,COWSAR 20 Bar Espresso Machine with Grinder Professional Espresso Maker,289.99,Target,False,True,unclassified by example rules,True,False,True,False,False,False,False,False
google-23e477c33645a2a7a715,google,Airmsen Espresso Machine with Grinder Espresso Coffee Machine with Customized Grind Amount & Coffee Volume,179.99,Walmart - Airmsen Appliances & more,False,True,unclassified by example rules,True,False,False,False,True,False,False,False
google-972d029bf0fe420d074f,google,"amzchef 14-Cup Espresso Machine, 20-Bar 2-in-1 Grinder and Coffee Maker",129.00,Home Depot,False,True,unclassified by example rules,True,False,True,False,False,False,False,False
google-22957896c23975498194,google,"Espresso Machine with Grinder & Milk Frother, 20 Bar Coffee and Espresso Maker Combo",397.92,Bed Bath & Beyond,False,True,unclassified by example rules,True,True,True,False,False,False,False,False
google-a1fa77a9296a3fc86214,google,GAOMON 20 Bar Espresso Machine with Grinder Milk Frother 2.8L Removable Water Tank Adjustable Shot Volume Professional Stainless Steel Coffee Maker,449.98,Lowe's,False,True,unclassified by example rules,True,True,True,False,False,False,False,False
google-b9240794f87414ac9b52,google,Bluebow Espresso Machine with Grinder 20Bar Semi-Automatic Coffee Maker with Milk Frother,169.99,Walmart - Bluebow & more,False,True,unclassified by example rules,True,True,True,False,True,False,False,False
google-a4db3db5cf9c03fa2ab6,google,Ninja AutoBarista Fully Automatic Espresso Machine,899.99,Best Buy & more,False,False,Ninja AutoBarista,False,False,False,False,True,False,False,False
google-da6c9f300bfd52910b07,google,EspressoWorks All-In-One Espresso Machine with Milk Frother 7-Piece Set,98.00,EspressoWorks,False,True,unclassified by example rules,False,True,False,False,False,False,False,False
google-0a53a7c0d50dce8f24f0,google,Espresso Machine with Grinder 20-Bar Coffee Maker with Steam Milk Frother,499.00,Target,False,True,unclassified by example rules,True,True,True,False,False,False,False,False
google-41cce1d48c4168bba830,google,KitchenAid Metal Semi-Automatic Espresso Machine and Automatic Milk Frother Attachment,197.00,Walmart - Kingdom Reserve LLC & more,False,True,unclassified by example rules,False,True,False,False,True,False,False,False
google-a51e3b69a8d18760592b,google,Kenmore Espresso Machine With Grinder & Milk Frother,599.99,Home Depot & more,False,True,unclassified by example rules,True,True,False,False,True,False,False,False
google-451240196901561c150d,google,Philips Baristina Latte Coffee & Espresso Machine with Smart Milk Frother,499.95,Sur La Table & more,False,True,Philips Baristina,False,True,False,False,True,False,False,False
google-418d55cd3381c3e302e5,google,CASABREWS 3700 Essential Espresso Machine 20-Bar Milk Frother,106.99,Best Buy & more,False,True,unclassified by example rules,False,True,True,False,True,False,False,False
google-f71f913730a4213addaa,google,"Chefman CaféMaster Pro Espresso Machine, Brew Single or Double Shots Coffee Maker with Built-In Milk Frother for Cappuccino & Latte",149.99,Walmart & more,False,True,unclassified by example rules,False,True,False,False,True,False,False,False
google-688de6d8505cd7fa21e6,google,Garvee Espresso Machine with Built in Bean Grinder Stainless Steel Automatic Pressure Espresso Maker with Steam Milk Frother Silver,328.79,Lowe's,False,True,unclassified by example rules,True,True,False,False,False,False,False,False
google-31314cb71c4f522ca7e0,google,HiBREW H20 Espresso Machine with Built-in Grinder — Single/Double Cup,299.90,HiBREW,False,True,unclassified by example rules,True,False,False,False,False,False,False,False
google-2c141471a1b0d94b0198,google,ZAFRO 20 Bar Espresso Machine with Grinder Automatic Espresso Maker with PID Control & Milk Frother Steam Wand,289.99,Target,False,True,unclassified by example rules,True,True,True,False,False,False,False,False
google-124a65d4d5e878e3b744,google,Bluebow All-in-One Espresso Machine with Grinder 20-Bar Automatic Coffee Maker,323.99,Walmart - Bluebow,False,True,unclassified by example rules,True,False,True,False,False,False,False,False
google-5eae437f99f95c0cfab5,google,Kismile 2 Cup Semi-Automatic 15-Bar Espresso Machine with Built-in Grinder & Milk Frother Coffee Maker in Stainless Steel,289.99,Home Depot,False,True,unclassified by example rules,True,True,True,False,False,False,False,False
google-71c091bb59b20f9c0626,google,De'Longhi All-In-One Combination Coffee and Espresso Machine,379.95,crateandbarrel.com & more,False,True,unclassified by example rules,False,False,False,False,True,False,False,False
google-72e4a2730270bda181cf,google,20 Bar Espresso Machine with Grinder & Milk Frother I Encalife,279.00,encalife,False,True,unclassified by example rules,True,True,True,False,False,False,False,False
google-ceb6c802131f2c0a0c32,google,VEVOR Fully Automatic Espresso Machine With 20 Bar Pressure Automatic Milk Frother Grinder With 15 Levels Tft Touch Screen Removable Milk Reservoir,332.49,VEVOR,True,True,unclassified by example rules,True,True,True,False,False,False,False,False
google-27958e0bd30f2ca6b1cd,google,"Expresso Coffee Machines With Grinder, Espresso Machine 20 Bar With 2.8 L Water Tank, Semi-Automatic Espresso Maker With Milk Frother Steamer Wand For",334.37,Walmart - Qinzoo,False,True,unclassified by example rules,True,True,True,False,False,False,False,False
google-9bf6797c08db52ba0330,google,"20 Bar Espresso Coffee Machine for Home – Italian-Style Professional Maker with Integrated Grinder & Adjustable Shot Volume, Milk Frother Steam Wand,",149.99,Wayfair,False,True,unclassified by example rules,True,True,True,False,False,False,False,False
google-be23c2f4af300537b351,google,Garvee 1450W 120V 20 Bar Espresso Machine with Steam Wand Fast Heat Grinder Barista,317.99,garvee,False,True,unclassified by example rules,True,True,True,False,False,False,False,False
google-18c983a8c06618560292,google,Ninja Luxe Café Mini Plus AutoFroth Espresso Machine in Midnight Mocha,499.99,Best Buy & more,False,True,Ninja Mini Plus,False,True,False,False,True,False,False,False
google-6c04be305bc1c7a5efe4,google,"Espresso Machine with Grinder & Milk Frother,20 Bar Professional Espresso Coffee Maker with Removable Water Tank,Steam Wand,for Home Use,Latte,",195.98,Walmart - Seller,False,True,unclassified by example rules,True,True,True,False,False,False,False,False
google-c7a4b049f172d170254e,google,Manual Espresso Coffee Machine with Grinder – Retro-Style,999.95,Crate & Barrel & more,False,False,unclassified by example rules,True,False,False,False,True,False,False,False
google-403d0092fc323bd2b014,google,COWSAR 2-Cup 20-Bar PID Control Semi-Automatic Espresso Machine with Built-in Grinder and Milk Frother,499.99,Home Depot & more,False,True,unclassified by example rules,True,True,True,False,True,False,False,False
google-2f01d4dd3d804ad5ef6d,google,Garvee 20 Bar Espresso Machine 1500W Motor Built,369.99,Lowe's & more,False,True,unclassified by example rules,False,False,True,False,True,False,False,False
google-9a0106badacf87fa4004,google,Hausmojo Cm1620 Espresso Machine with Grinder and Frother,164.99,Walmart - Hausmojo,False,True,unclassified by example rules,True,True,False,False,False,False,False,False
google-0b96e3357c507c052986,google,"20 Bar Professional Coffee Maker / Anti-Clog Grinder & Stainless Steel Milk Frother - Barista-Style Lattes & Cappuccinos, Home/Office Use Yesurprise",299.99,Wayfair,False,True,unclassified by example rules,True,True,True,False,False,False,False,False
google-d2a9f521b103ac780dec,google,Garvee 15 Bar Semi-Automatic Espresso Machine Coffee Maker with Grinder & Milk Steamer,389.99,Target,False,True,unclassified by example rules,True,True,True,False,False,False,False,False
google-684f55f0fd73e06c81a1,google,Gemilai Ele One Espresso Machine with Grinder & Cold Brew,859.99,Gemilai,False,False,unclassified by example rules,True,False,False,False,False,False,False,False
google-8d065cc2193132e586a6,google,Towallmark All-In-One Espresso Machine with Milk Frother & Grinder 15 Bar Automatic Coffee Maker with Italian Ulka Pump,191.28,Walmart - Erikama,False,True,unclassified by example rules,True,True,True,False,False,False,False,False
google-83a39eb25e3b9596486c,google,GarveeHome Semi-Automatic Espresso Machine with Grinder Professional Espresso Maker with Milk Frother Steam Wand,264.99,garvee,False,True,unclassified by example rules,True,True,False,False,False,False,False,False
google-3210de58f63aae1163cd,google,De'Longhi Magnifica Start Automatic Espresso Machine with Manual Milk Frother,579.99,Best Buy & more,False,True,DeLonghi Magnifica Start,False,True,False,False,True,False,False,False
google-13e3688e0b4cbee612d7,google,Bluebow 20-Bar Espresso Machine with Grinder and Milk Frother All-in-One Automatic Coffee Maker for Latte Cappuccino,323.99,Walmart - Bluebow,False,True,unclassified by example rules,True,True,True,False,False,False,False,False
google-516dc55f9a15f525e090,google,Kismile 2 Cup Silver/Brushed Stainless Steel All in One 15 Bar Espresso Machine with Grinder and Powerful Steam Wand,265.99,Home Depot,False,True,unclassified by example rules,True,True,True,False,False,False,False,False
google-efeeee84cfdd60bb3f9e,google,DEXSO 20 Bar Semi Auto Coffee Machine Grinder Milk Frother Silver one_size | ENCOREPHOBA8365,294.88,Lowe's,False,True,unclassified by example rules,True,True,True,False,False,False,False,False
google-d018a57ee7ca110bb2df,google,"Espresso Machine with Grinder, Milk Frother & 15 Bar Pump - Silver Stainless Steel",317.99,Wayfair,False,True,unclassified by example rules,True,True,True,False,False,False,False,False
google-675a9624b9e8b8f29da2,google,"Espresso Machine with Grinder & Milk Frother,20 Bar Professional Espresso Coffee Maker with Removable Water Tank,Steam Wand,for Home Use,Latte",194.98,Walmart - Seller,False,True,unclassified by example rules,True,True,True,False,False,False,False,False
google-586496d12e24aac97026,google,VEVOR Fully Automatic Espresso Machine 20 Bar with Auto Milk Frother & Grinder,332.49,VEVOR & more,False,True,unclassified by example rules,True,True,True,False,True,False,False,False
google-758185a42db7f3ef3335,google,Automatic Italian coffee Machine with Built-in Grinder & Milk Frother – One-Touch Operation,559.23,Bed Bath & Beyond,False,True,unclassified by example rules,True,True,False,False,False,False,False,False
google-13191f97f3925dc64a75,google,Loheer - Espresso Machine with Grinder 15 Bar Semi-Automatic Coffee Maker with Milk Frother Steam Wand PID Control - Silver,508.57,Best Buy,False,True,unclassified by example rules,True,True,True,False,False,False,False,False
google-c624a8181e4b62588e55,google,Cusimax 20Bar Espresso Machine with Builtin Grinder & Milk Frother ProfessionalGrade Cappuccino & Latte Maker with Large Removable Water Tank for Home,189.99,Walmart - Techwood Kitchen Appliances,False,True,unclassified by example rules,True,True,True,False,False,False,False,False
google-a342fef85d2a9edcf811,google,De'Longhi All-in-One Combination Coffee Maker & Espresso Machine,347.96,MartDiscover.com & more,False,True,unclassified by example rules,False,False,False,False,True,False,False,False
google-b281aff655c4587b1b31,google,Garvee 2-Cup Semi-Automatic Espresso Machine in Silver with Built-in Grinder,288.57,Home Depot,False,True,unclassified by example rules,True,False,False,False,False,False,False,False
google-c167547e5bf7ad542933,google,IdealHouse 20 Bar Fully Automatic Italian Espresso Machine with Integrated 15 Setting Grinder Automatic Milk Frother Dual Boiler Self Cleaning,596.99,Lowe's,False,True,unclassified by example rules,True,True,True,False,False,False,False,False
google-d7f1bf907439cbc01ccb,google,"15 Bar Machine with Grinder & Milk Frother. Professional Coffee Maker for Home. Cappuccino & Latte, Silver",269.99,Walmart - KAKEITO,False,True,unclassified by example rules,True,True,True,False,False,False,False,False
google-2e4cfb87414d94720a62,google,Antarctic Star Espresso Machine with LCD LED Display & Steam Wand,289.99,Wayfair,False,True,unclassified by example rules,False,True,False,False,False,False,False,False
google-ce916892b069dd413070,google,Chefman Crema Deluxe Double Boiler Espresso Machine with Conical Burr Grinder and Steam Wand,399.99,Best Buy & more,False,True,Chefman Crema Deluxe,True,True,False,False,True,False,False,False
google-67d5a96ce48ce2def910,google,"Free Village Coffee Maker with Grinder 20 Bar Expresso Coffee Machines with Milk Frother Steam Wand,Professional Espresso Maker with Removable Water",299.99,Walmart - free village,False,True,unclassified by example rules,True,True,True,False,False,False,False,False
google-4900e7d2e07f01a8847e,google,20 Bar Machine with Grinder Machine with Milk Frother,455.96,Bed Bath & Beyond,False,True,unclassified by example rules,True,True,True,False,False,False,False,False
google-7350f2c0ce2972fc0201,google,Aoile 3 In 1 Stainless Steel Espresso Machine With Built In Burr Grinder Steam Milk Frother 20 Bar Pump Home Coffee Maker one_size | XUC0VTW4865,326.14,Lowe's,False,True,unclassified by example rules,True,True,True,False,False,False,False,False
google-f272439695d3d03d1fba,google,Garvee 2 Cups 15 Bar Silver Semi-Automatic Espresso Machine Coffee Maker with Grinder and Milk Steamer,300.00,Home Depot,False,True,unclassified by example rules,True,True,True,False,False,False,False,False
google-b617b7c5efb50c1dacfb,google,"15 Bar Espresso Machine with Built-in Grinder & Milk Frother PID Temperature Control, Gray",299.89,Walmart - Tzou Decoration Beauty Ur Life,False,True,unclassified by example rules,True,True,True,False,False,False,False,False
google-c2b477d15eab359948b3,google,"EspressoWorks Barista Pro Series Espresso Machine with Grinder, LCD Display and Steamer",299.00,EspressoWorks,False,True,unclassified by example rules,True,True,False,False,False,False,False,False
google-1c1b755ef5c7e0f05cae,google,Breville Barista Express Impress Espresso Machine in Brushed Stainless Steel | Crate & Barrel,649.95,Crate & Barrel,False,True,Breville Barista Express Impress,False,False,False,False,False,False,False,True
google-bb29f03511fde44d2851,google,"Breville Barista Touch Impress Espresso Machine in Almond Nougat, Plastic/Stainless Steel | Crate & Barrel",1199.95,"1,500",False,False,Breville Barista Touch Impress,False,False,False,False,False,True,False,True
google-3b9354533c919d9b619d,google,"Breville Bambino Plus Espresso Machine in Almond Nougat, Plastic/Silicone/Stainless Steel | Crate & Barrel",499.95,Crate & Barrel,False,True,Breville Bambino Plus,False,False,False,False,False,False,False,True
google-e9bbae1b2b521a845cc4,google,"KitchenAid KF3 Fully Automatic Espresso Machine in Porcelain White, Metal/Plastic | Crate & Barrel",799.99,"1,000",False,True,unclassified by example rules,False,False,False,False,False,True,False,True
google-123aa3f214b07858a4f4,google,"Breville Barista Touch Espresso Machine in Almond Nougat, Plastic/Stainless Steel/Metal | Crate & Barrel",999.95,Crate & Barrel,False,False,Breville Barista Touch (other),False,False,False,False,False,False,False,True
google-219bac14f0ed751d4bed,google,"Breville Bambino Espresso Machine in Brushed Stainless Steel, Plastic/Stainless Steel | Crate & Barrel",299.95,Crate & Barrel,False,True,Breville Bambino (other),False,False,False,False,False,False,False,True
google-8538d051a8cf1187bb25,google,"SIMZLIFE - 20 Bar Fully Automatic Coffee and Espresso Machine, Milk Frother & Smart Touchscreen, Auto-clean, Dual Boiler Design - Black",329.99,Best Buy,False,True,unclassified by example rules,False,True,True,False,False,False,False,False
google-53de4cc1e21d2d3ada90,google,Espresso Machine with Grinder and Milk Frother Steam Wand 20 Bar Coffee Maker with 95oz Water Tank,156.71,Walmart - SINSLLY,False,True,unclassified by example rules,True,True,True,False,False,False,False,False
google-305127c8948e5c076f69,google,20 Bar Espresso Machine with Built-in Grinder,499.99,Kohl's,False,True,unclassified by example rules,True,False,True,False,False,False,False,False
google-9441eed81c779f9e1a1b,google,"Professional Espresso Machine with Grinder, 20 Bar Pressure, and Milk Frother",313.72,Bed Bath & Beyond,False,True,unclassified by example rules,True,True,True,False,False,False,False,False
google-932d74d84c2773131aca,google,Lifeimpree Espresso Machine with Grinder 20 Bar Coffee Machine for Home with Powerful Milk Frother Steam Wand,156.00,Walmart & more,False,True,unclassified by example rules,True,True,True,False,True,False,False,False
google-09492f4f47529dc6ba33,google,IdealHouse 15 Bar Coffee Maker Machine with Built In Grinder and Milk Frother Stainless Steel Coffee Maker PID Temp Control Italian ULKA Pump,358.99,Lowe's,False,True,unclassified by example rules,True,True,True,False,False,False,False,False
google-84e7524f5c3aa8153a3d,google,Breville The Barista Touch Coffee Machine,999.95,Seattle Coffee Gear & more,False,False,Breville Barista Touch (other),False,False,False,False,True,False,False,False
google-be983c68fb5880d5406d,google,Espresso Machines with Burr Grinder 20 Bar Milk Frother Steam Wand,257.13,Walmart - DSstyles,False,True,unclassified by example rules,True,True,True,False,False,False,False,False
google-125fd27d92958fe5d564,google,GARVEE 15-Bar All-in-One Espresso Machine with Built-in Grinder,309.99,Wayfair & more,False,True,unclassified by example rules,True,False,True,False,True,False,False,False
google-f6b357dd7fd5cc57da54,google,Espresso Machine With Built In Grinder And Milk Frother 20 Bar Coffee Maker For Home Baristas Removable Water Tank Anti Clog Grinding System Latte And,474.88,VXB.com Bearings,False,True,unclassified by example rules,True,True,True,False,False,False,False,False
google-5b5a4baeb5e35f129567,google,"Espresso Coffee Maker with Milk Frother - Removable Brewer/Grinder, Adjustable Coarseness/Flavor, 3-Level Coffee/Milk Volume for Home Baristas, Size:",459.32,Walmart - KTENME,False,True,unclassified by example rules,True,True,False,False,False,False,False,False
google-7bc17db230d1ef21398b,google,IdealHouse 20 Bar Espresso Machine with Grinder and PID Control LCD Display High Power Milk Frother 8.8oz Bean Grinder Stainless Steel Coffee Maker,400.99,Lowe's,False,True,unclassified by example rules,True,True,True,False,False,False,False,False
google-b43381b54c6fbf2e4da3,google,"Espresso Machine, 3-in-1 Coffee Maker with Built-in Grinder and Milk Frother",405.57,Bed Bath & Beyond,False,True,unclassified by example rules,True,True,False,False,False,False,False,False
google-e6c2cc116062e346f461,google,Chaolink Machine with Grinder Cappuccino and Latte Maker with Powerful Milk Frother for Home Barista,249.99,Walmart - Fumantang,False,True,unclassified by example rules,True,True,False,False,False,False,False,False
google-01649c5aaee6ce640d89,google,Garvee All-in-One Espresso Machine with Milk Frother Cappuccino Latte Coffee Maker for Home Barista,309.99,garvee & more,False,True,unclassified by example rules,False,True,False,False,True,False,False,False
google-486eb9e5ef5e00a5796c,google,"Professional Espresso Machine with Automatic Milk Frothing, Adjustable Temperature, Steam Wandr — 20 Bar Pressure for Perfect Latte & Cappuccino",105.00,Target,False,True,unclassified by example rules,False,True,True,False,False,False,False,False
google-542b15fda49f4132dba1,google,Stainless Steel Espresso Machine with Grinder & Milk Frother 15 Bar Pump,285.99,Walmart - YOXIAN & more,False,True,unclassified by example rules,True,True,True,False,True,False,False,False
google-642b3bf41784b0490975,google,Aoibox Espresso Machine with 20 Bar Pressure Built In Burr Grinder and Milk Frother Steam Wand for Home Coffee Brewing Stainless Steel,682.15,Lowe's,False,True,unclassified by example rules,True,True,True,False,False,False,False,False
google-58a42e1783bebc9852a2,google,"Professional 20-Bar Espresso Machine With Built-In Grinder – Precision Extraction, Integrated Milk Frother Wand For Cappuccinos/Lattes, And Compact",253.46,Wayfair,False,True,unclassified by example rules,True,True,True,False,False,False,False,False
google-c686262d94e93b579abf,google,Kicctian Coffee Maker 20 Bar Espresso Machine with Grinder & Milk Frother,139.99,Walmart - Kicctian,False,True,unclassified by example rules,True,True,True,False,False,False,False,False
google-ec64fc84795fb1a81c2b,google,"20 Bar Espresso Machine with Milk Frother, Steam Wand & Pressure Gauge, Amumu Compact Stainless Steel Coffee Maker for Cappuccino & Latte, Silver",109.99,Walmart - Amumu Direct,False,True,unclassified by example rules,False,True,True,False,False,False,False,False
google-f8c8696d4a46067f44bb,google,"Justsmart 20 Bar Espresso Machine with Built-in Grinder & Milk Frother Steam Wand, Stainless Steel Coffee Maker for Latte Cappuccino Home Office Use -",146.99,Walmart - Lipwinsa,False,True,unclassified by example rules,True,True,True,False,False,False,False,False
google-08f258304079d5b45ff2,google,Garvee 20-Bar Stainless Steel Espresso Machine with Grinder,354.79,Home Depot & more,False,True,unclassified by example rules,True,False,True,False,True,False,False,False
google-b42ae289c6bdeda83126,google,Espresso Machine with Milk Frother and Grinder 15 Bar Automatic Espresso Coffee Machine All In One Coffee Maker with Italian Ulka Pump,275.46,Walmart - Sunshine City,False,True,unclassified by example rules,True,True,True,False,False,False,False,False
google-e9dba9582661875ea431,google,"Professional Espresso Machine with Integrated Grinder & Auto Milk Frother, 20 Bar Pump for Lattes and Cappuccinos at Home, Silver",264.99,Walmart - Lipwinsa,False,True,unclassified by example rules,True,True,True,False,False,False,False,False
google-ac7541f48ebbffd59afa,google,"SIMZLIFE - 15-Setting Fully Automatic Espresso Machine with Manual Milk Frothing, Self-Cleaning & Removable Water Reservoir - Silver",269.99,Best Buy,False,True,unclassified by example rules,False,True,False,False,False,False,False,False
google-3b13253bf16a1b85dd55,google,Stainless Steel Espresso Machine with Grinder 20 Bar Coffee Maker with Milk Frother Steam Wand and 2.8l Water Tank for Latte and Cappuccino,246.98,Walmart - Seller,False,True,unclassified by example rules,True,True,True,False,False,False,False,False
google-e7cacfa60a59a5ab65df,google,"20 Bar Pressure Espresso Machine, with Grinder & Milk Frother, 1.5l Removable Tank, Adjustable Shot Volume, Professional Stainless Steel Coffee Maker,",312.88,Walmart - Qinzoo,False,True,unclassified by example rules,True,True,True,False,False,False,False,False
google-bce4606263ab4014e728,google,15 Bar Semi-Automatic Espresso Machine with Built-in Grinder,341.99,Kohl's,False,True,unclassified by example rules,True,False,True,False,False,False,False,False
google-05d3c61841495e6c0a82,google,"Espresso Machine with Built-In Grinder and Milk Frother - 20 Bar Professional Espresso Maker for Crafting Lattes, Cappuccinos, and Macchiatos,",247.99,Walmart - Bazzye,False,True,unclassified by example rules,True,True,True,False,False,False,False,False
google-90cd25bcc5bf98680b0a,google,"20 Bar Espresso Machine with Built-In Grinder & Milk Frother, 1.5l Removable Water Tank, Adjustable Shot Volume & 30 Grind Settings for Home or Office",313.41,Walmart - Qinzoo,False,True,unclassified by example rules,True,True,True,False,False,False,False,False
google-a3f40ecb011a6c7eace8,google,20 Bar Semi-Automatic Espresso Machine with Milk Frother,329.99,Kohl's,False,True,unclassified by example rules,False,True,True,False,False,False,False,False
google-fc437dae8208bd8953fc,google,IUDommy 2-Cup Silver Semi-Automatic Espresso Machine with Built-In Grinder,249.00,Home Depot,False,True,unclassified by example rules,True,False,False,False,False,False,False,False
google-0572500f0732845cad88,google,Philips 3300 Fully Automatic Espresso Machine with Milk Frother,729.95,Sur La Table & more,False,True,Philips 3300,False,True,False,False,True,False,False,False
google-b20da021a0871fea91fd,google,Cafe Affetto Automatic Espresso Machine + Frother,629.00,"Walmart - GE Appliances, a Haier Company & more",False,True,unclassified by example rules,False,True,False,False,True,False,False,False
google-28d0317f932cec894c4b,google,"Espresso Machine with Grinder and Milk Frother Steam Wand, 20 Bar Coffee Maker with 95oz Water Tank, Professional 3 In 1 Espresso Maker for Cappuccino",279.99,Walmart - Fessluca,False,True,unclassified by example rules,True,True,True,False,False,False,False,False
google-53fc3afe2050c60f7113,google,"Memoryfield 20 Bar Espresso Machine with Grinder, Milk Frother & LCD Display, Stainless Steel Coffee Maker, Single & Double Shot, Silver, Size: 58",154.99,Walmart - YOXIAN,False,True,unclassified by example rules,True,True,True,False,False,False,False,False
google-a59639f97302f46c9a8c,google,Bluebow 6-in-1 Espresso Machine 20 BAR Cappuccino & Latte Machine with Built-in Milk Frother,89.99,Walmart - Bluebow,False,True,unclassified by example rules,False,True,True,False,False,False,False,False
google-01869a8682e69e653058,google,"Boupower Semi-Automatic Espresso Machine with Built-In Grinder, Powerful Milk Frother,Stainless Steel Single Double Cup Coffee Maker for Latte",296.66,Walmart - BouPower,False,True,unclassified by example rules,True,True,False,False,False,False,False,False
google-55cbde01fc5e866cb737,google,Espresso Machine with Grinder and Milk Frother 20 Bar Pressure 95 oz Removable Water Tank Home Coffee Maker for Latte Cappuccino,284.98,Walmart - IdealHouse,False,True,unclassified by example rules,True,True,True,False,False,False,False,False
